Date,Close,High,Low,Open,Volume
2016-07-11,1.2767629623413086,1.2860894749936664,1.264491068856462,1.2659637007559814,448776000
2016-07-12,1.295906662940979,1.3076875974940547,1.2747989845263232,1.2909979304577464,436760000
2016-07-13,1.2954163551330566,1.3057247804227072,1.293452884565233,1.2983616195015282,324604000
2016-07-14,1.3086700439453125,1.3204511024651562,1.2914895286596786,1.3022887932917078,316892000
2016-07-15,1.2934527397155762,1.2993432677928578,1.2723451701499293,1.2919801076962558,428616000
2016-07-18,1.300079584121704,1.3113696854251284,1.2951708495129746,1.3094062149883294,252992000
2016-07-19,1.313578486442566,1.3187326394198784,1.296888697758742,1.299343123195622,382652000
2016-07-20,1.330759048461914,1.337876788880746,1.3125967442451014,1.3179963165707886,296460000
2016-07-21,1.3062150478363037,1.3319859242453098,1.3017971532147372,1.32781344870826,361308000
2016-07-22,1.3418035507202148,1.3418035507202148,1.3013064710834628,1.3108785187279164,315768000
2016-07-25,1.3665927648544312,1.3697834477017234,1.3440125657864317,1.3499030932071086,312528000
2016-07-26,1.3899095058441162,1.3970271298072015,1.3766559345840483,1.378619404949714,514508000
2016-07-27,1.3759198188781738,1.4043905541531252,1.367574980479235,1.4019361279592408,446676000
2016-07-28,1.3788644075393677,1.3891727116199044,1.3746919318686217,1.3791098266317483,221916000
2016-07-29,1.401444673538208,1.4051261941773645,1.3592295446400253,1.384018629728273,409588000
2016-08-01,1.392363429069519,1.4124893165877912,1.3832823372548524,1.4073351644172893,301120000
2016-08-02,1.3754286766052246,1.39972692879621,1.362175105779861,1.3989905542873249,282748000
2016-08-03,1.379109501838684,1.381809345285883,1.366101356738649,1.3737099319776838,299828000
2016-08-04,1.4046351909637451,1.411016555073154,1.3830367908422014,1.3857365177115086,272712000
2016-08-05,1.4284430742263794,1.4291793317004091,1.4139622906026892,1.4208344951607912,371588000
2016-08-08,1.4416965246200562,1.4515139923212617,1.426479367759775,1.4480778903291844,305064000
2016-08-09,1.4453779458999634,1.4593678890727781,1.4416964250247,1.4488140476546676,372344000
2016-08-10,1.4360511302947998,1.4603493755706438,1.431387816510536,1.458140486739539,375740000
2016-08-11,1.4652583599090576,1.4713943063115746,1.4407146913324336,1.4436599549683171,681064000
2016-08-12,1.547234058380127,1.5555788925910665,1.4880838446015543,1.5192542926061714,1425744000
2016-08-15,1.5457613468170166,1.5585240750791955,1.5248992038525637,1.5489520288825613,573304000
2016-08-16,1.5364352464675903,1.5460071781834523,1.531771931664071,1.543552869727281,287652000
2016-08-17,1.5008468627929688,1.539871434427449,1.4888205049166008,1.536435332177058,595212000
2016-08-18,1.5241628885269165,1.5266171962350235,1.4927469072225716,1.4986374329754897,331684000
2016-08-19,1.528090238571167,1.5396257570779792,1.5168001391978163,1.5234269239350609,291560000
2016-08-22,1.5344719886779785,1.5366809954995488,1.514591629484689,1.5327539372797983,244748000
2016-08-23,1.5468887090682983,1.5569701376266545,1.5424626731466697,1.5500852710257371,339764000
2016-08-24,1.5230379104614258,1.553036451504819,1.5159071702682834,1.5522988372430986,298448000
2016-08-25,1.5129563808441162,1.5242672862026445,1.4940229929444264,1.5235296719886433,406032000
2016-08-26,1.5252505540847778,1.5338566376036025,1.5048417077411715,1.5168903419166202,300024000
2016-08-29,1.5242669582366943,1.5375449492247466,1.5218081274699524,1.5313978136833446,274652000
2016-08-30,1.5154155492782593,1.5304147623814448,1.511235383045009,1.5223004186044247,285544000
2016-08-31,1.508284568786621,1.5225461664107034,1.5038586487215588,1.5183661177660193,388544000
2016-09-01,1.5527904033660889,1.55844579714304,1.5082843983317973,1.50951387254387,428492000
2016-09-02,1.5375453233718872,1.557708303361296,1.5200872806573953,1.5559870862310063,323148000
2016-09-06,1.552052617073059,1.552052617073059,1.5350863190928616,1.5429547896232105,306812000
2016-09-07,1.5291849374771118,1.5547574373984063,1.520332981407723,1.5471348382489951,397988000
2016-09-08,1.5402500629425049,1.54270901142826,1.5102516418106435,1.527709683613212,315808000
2016-09-09,1.4635326862335205,1.531889860035744,1.4507464354145263,1.5232837747726204,697760000
2016-09-12,1.4937771558761597,1.4967278475298356,1.409437158562436,1.444107609619431,598260000
2016-09-13,1.47213876247406,1.5073009520107883,1.4637785486626762,1.4900886643409152,471768000
2016-09-14,1.4851707220077515,1.4900885011965546,1.4632866456547649,1.47558103500222,319048000
2016-09-15,1.5414793491363525,1.5432005659667585,1.4841870992481314,1.4876296501580462,515212000
2016-09-16,1.5451676845550537,1.5552491143670055,1.527463655916187,1.5468889014193112,902444000
2016-09-19,1.5655765533447266,1.6046729162375801,1.554265649267285,1.5613963881914759,417128000
2016-09-20,1.5513148307800293,1.5835263234787829,1.542708747052953,1.5835263234787829,331112000
2016-09-21,1.5948373079299927,1.5977879988580126,1.555740946256486,1.555986817625637,336212000
2016-09-22,1.5987719297409058,1.6090993508661204,1.5896741003022083,1.60418157036573,308732000
2016-09-23,1.5970503091812134,1.6054105221960524,1.58991957029332,1.60073873156205,276132000
2016-09-26,1.5820509195327759,1.5884440435645715,1.56213393339484,1.578854357516878,230040000
2016-09-27,1.6361465454101562,1.6386054934739847,1.5751661107658357,1.5759037248355259,402752000
2016-09-28,1.6420481204986572,1.6432775946754794,1.621147528489125,1.638605686602844,319788000
2016-09-29,1.6572933197021484,1.662457088162822,1.6240983353070713,1.6393434175386772,336684000
2016-09-30,1.6848328113555908,1.7013073657397828,1.6565554931446667,1.666391051500874,429932000
2016-10-03,1.6831122636795044,1.7091766344758705,1.6801616885932893,1.6848335985827718,242596000
2016-10-04,1.6794233322143555,1.713847789741322,1.6668829530780558,1.6855705860850212,281624000
2016-10-05,1.6777019500732422,1.7108970473581522,1.6725382995397948,1.6936847616642243,305440000
2016-10-06,1.655818223953247,1.6678667444122397,1.629262117060306,1.6575394411616746,360212000
2016-10-07,1.6437692642211914,1.6713088514099954,1.6390973563566766,1.66688281492007,286260000
2016-10-10,1.649916648864746,1.6612275537395946,1.6344255785419495,1.6523754800553923,287876000
2016-10-11,1.6260653734207153,1.6469659662718086,1.613524994260236,1.6445071350682705,388540000
2016-10-12,1.6334420442581177,1.6420481290424291,1.6059024556992094,1.6194263199672863,419920000
2016-10-13,1.6068857908248901,1.6179508229398352,1.5663140845694914,1.6142625179845536,390116000
2016-10-14,1.622623085975647,1.6376222976947075,1.6130333971923643,1.6265572631563714,330636000
2016-10-17,1.6132792234420776,1.6376222518452201,1.6110662634960184,1.6223771691353308,195328000
2016-10-18,1.6378686428070068,1.6472124628749993,1.6290166829657025,1.6356556821589707,269372000
2016-10-19,1.6344257593154907,1.6420483596229003,1.6184429444366293,1.626803276257209,199060000
2016-10-20,1.6654077768325806,1.670817417068507,1.6302457015446954,1.653605127929961,312084000
2016-10-21,1.660735845565796,1.6636864196062466,1.644998903520843,1.6595063713202896,279508000
2016-10-24,1.738682746887207,1.7406498353755668,1.6718008002900087,1.6720467889440338,339836000
2016-10-25,1.767205834388733,1.7777791256110813,1.727371852560591,1.7357320666264064,397460000
2016-10-26,1.774336576461792,1.7937618233043355,1.7507311642326158,1.7524523812155555,333792000
2016-10-27,1.7379446029663086,1.791302554388496,1.7308138649198836,1.7878601210385603,388664000
2016-10-28,1.734993815422058,1.7728606948468342,1.7317972538132023,1.7463047167111572,290856000
2016-10-31,1.7497472763061523,1.7613040497480918,1.7396657308682557,1.7406493334533704,252388000
2016-11-01,1.6978650093078613,1.76573043540363,1.679177377231153,1.7561407479825468,473224000
2016-11-02,1.6907343864440918,1.7340109215065767,1.6877836949456522,1.7108973668506773,295848000
2016-11-03,1.6710628271102905,1.7000777571404733,1.6386054636526755,1.6986024117788459,309664000
2016-11-04,1.6614736318588257,1.6899968276135915,1.6371306020721155,1.6599982860612255,328780000
2016-11-07,1.7524523735046387,1.7635174067743433,1.7089299718433273,1.710159446039764,487580000
2016-11-08,1.7497472763061523,1.7647464829223642,1.7335185957708183,1.7590909732438549,429884000
2016-11-09,1.7202410697937012,1.7433547417372006,1.689750903590076,1.702291166605629,456532000
2016-11-10,1.6663912534713745,1.7581079693708466,1.6415564831992848,1.757862097969507,869280000
2016-11-11,2.1630873680114746,2.1827584860927702,1.9302302790883694,1.9550651653277504,2175344000
2016-11-14,2.056617259979248,2.1684968224533074,2.056125517243925,2.1660378742784876,1348796000
2016-11-15,2.119319200515747,2.1503011057965113,2.06374804602339,2.07260011945999,626092000
2016-11-16,2.253082752227783,2.275950314494399,2.1232532854293034,2.147596310454018,987984000
2016-11-17,2.2717700004577637,2.3307833418619266,2.2289851051664806,2.2698027952783555,832988000
2016-11-18,2.295621395111084,2.3194724400686275,2.2572626509038196,2.2717701156553547,576060000
2016-11-21,2.286278009414673,2.3199648525909953,2.2720162960855332,2.3135717273568157,436436000
2016-11-22,2.3027524948120117,2.3049654546499023,2.271524599437203,2.294146409610084,330368000
2016-11-23,2.3140807151794434,2.3456014893706687,2.2845298572724144,2.3079241396679735,443236000
2016-11-25,2.318758964538574,2.3419071182935056,2.300289478063493,2.3251616603547856,195564000
2016-11-28,2.3175289630889893,2.3330431150643656,2.3049696863808573,2.311618742855681,278736000
2016-11-29,2.296349048614502,2.325653771509995,2.2786186356153992,2.3148182973195954,444568000
2016-11-30,2.2704930305480957,2.3187594997770784,2.2680304004697334,2.304968912247847,440500000
2016-12-01,2.1581990718841553,2.269753651364306,2.0875232964642416,2.2680298576918516,1035524000
2016-12-02,2.1781461238861084,2.1867650927584408,2.0961423888734254,2.1239694461680787,478292000
2016-12-05,2.2626121044158936,2.280588876834882,2.191689972589145,2.21606944072651,602284000
2016-12-06,2.2997968196868896,2.3081696654275863,2.254977952470457,2.2707384513151894,498796000
2016-12-07,2.34116792678833,2.3468317859212293,2.2680295323702278,2.2862526591860552,480804000
2016-12-08,2.302013635635376,2.379338476584963,2.291424749797631,2.344123761453964,381544000
2016-12-09,2.261134624481201,2.3214676363048974,2.2338000484687153,2.319743842677057,382312000
2016-12-12,2.2062206268310547,2.215085957925229,2.1557378632786013,2.2126233268130537,601332000
2016-12-13,2.2451283931732178,2.2727093337472506,2.2175476874485187,2.2185326455531627,387796000
2016-12-14,2.375152349472046,2.391405331471339,2.2549785436325194,2.27886553760865,983980000
2016-12-15,2.4308063983917236,2.461096088452176,2.3788459880340955,2.3862336428527167,746548000
2016-12-16,2.4726696014404297,2.479810897696681,2.4066724976310523,2.458386539229409,1089528000
2016-12-19,2.502713203430176,2.5229062494592043,2.4379474071483362,2.4551855794798056,744656000
2016-12-20,2.5898890495300293,2.6135296897289324,2.564031901158339,2.5753598595938527,848056000
2016-12-21,2.606142282485962,2.609097392149091,2.55393573651963,2.6014633784234547,576136000
2016-12-22,2.6376616954803467,2.6810028861636677,2.623378634965371,2.6305201652228587,718612000
2016-12-23,2.703413724899292,2.7048913970927235,2.616977416763169,2.619686169318643,647692000
2016-12-27,2.8890912532806396,2.890076211264854,2.738874122770622,2.7595598843842577,1194272000
2016-12-28,2.6903622150421143,2.953365085930776,2.6765718603889934,2.9452385933888494,2295764000
2016-12-29,2.7440452575683594,2.7455229292610333,2.5315252089659706,2.5832392560731705,2175368000
2016-12-30,2.6285502910614014,2.756111717172081,2.617715050965024,2.742075012026095,1212932000
2017-01-03,2.512070655822754,2.6194388018072243,2.447304868621213,2.5709259919099803,1501996000
2017-01-04,2.5706801414489746,2.598014718425449,2.5002504874074103,2.5463006729171958,1199220000
2017-01-05,2.5054216384887695,2.605894611837689,2.4884298252038497,2.574127492534865,984296000
2017-01-06,2.5389130115509033,2.5672325463068617,2.492123990359143,2.5327564377892107,822856000
2017-01-09,2.64184832572937,2.659578975922804,2.548763234186285,2.548763234186285,916248000
2017-01-10,2.621901750564575,2.6888835834663674,2.601215991116085,2.6549001880749112,880920000
2017-01-11,2.589642286300659,2.6152530736855737,2.564770334857432,2.6103280487227205,525664000
2017-01-12,2.54728627204895,2.57831480110489,2.5024673900122973,2.566740721303315,625616000
2017-01-13,2.547039031982422,2.5857013217189704,2.5379273514629497,2.551225219550327,457820000
2017-01-17,2.489908456802368,2.541376160540737,2.4766105823190068,2.5364511349188064,580612000
2017-01-18,2.53521990776062,2.542115084780159,2.4406571110151054,2.4684841760651097,654424000
2017-01-19,2.589642286300659,2.621655770531802,2.5359583164740607,2.53817458944981,644872000
2017-01-20,2.5613224506378174,2.6300283140341216,2.539405610647343,2.6122976625805587,492024000
2017-01-23,2.587918281555176,2.6078652064109096,2.553688527136232,2.556151156841739,369904000
2017-01-24,2.643080711364746,2.649237287474713,2.5832401537021834,2.5980157015167396,428052000
2017-01-25,2.6544077396392822,2.691592600845635,2.6184541932231205,2.6854360268946795,522760000
2017-01-26,2.700212001800537,2.7075996568750793,2.6275660614944636,2.6571169166419533,458800000
2017-01-27,2.7524185180664062,2.7553736270467835,2.6805114141923023,2.707107160166379,471996000
2017-01-30,2.7093231678009033,2.7337026383639658,2.6573629959217113,2.731486365558105,496004000
2017-01-31,2.6886377334594727,2.710062096061899,2.6645043841359475,2.6829738727960355,362756000
2017-02-01,2.806102752685547,2.8102889418388366,2.7053833939313825,2.7231138131462997,590004000
2017-02-02,2.8415637016296387,2.8501829069081888,2.7595601866535437,2.7900960011526825,483240000
2017-02-03,2.8166921138763428,2.854123344424577,2.804871910689554,2.8430417424780265,372744000
2017-02-06,2.888845443725586,2.889337922811006,2.807334166430178,2.807334166430178,506768000
2017-02-07,2.933663845062256,2.977743886411275,2.9033741552304027,2.9230747244975848,746224000
2017-02-08,2.920858144760132,2.9380960823459947,2.8659426316877186,2.9156867634843726,449580000
2017-02-09,2.865943431854248,2.9319405617579415,2.8467355730953625,2.927015301158693,842568000
2017-02-10,2.797975778579712,2.972325771015919,2.7728574737497578,2.953364040082625,1651092000
2017-02-13,2.6689369678497314,2.806840938655868,2.6645041875646407,2.7923117526893817,1180724000
2017-02-14,2.6787869930267334,2.712524264042176,2.617468789601527,2.659332549698083,850632000
2017-02-15,2.6842052936553955,2.703905864868147,2.6536694787304307,2.681742898390802,373020000
2017-02-16,2.6411097049713135,2.6950400212524057,2.6019546955580246,2.693808706538544,647176000
2017-02-17,2.6406168937683105,2.6450496735444977,2.5805302409843596,2.627565381011657,563740000
2017-02-21,2.735180377960205,2.7391204446960287,2.6649968383722453,2.6652431952898037,551952000
2017-02-22,2.7309892177581787,2.7566323310841465,2.7120033155000636,2.7472627138961396,433772000
2017-02-23,2.4777638912200928,2.6232391728375166,2.4577920204527985,2.601294664211805,1592888000
2017-02-24,2.5016798973083496,2.5149945501322906,2.3596566203254294,2.393436470411494,1029904000
2017-02-27,2.5744175910949707,2.58945821358181,2.5041457185052396,2.519926109269733,715400000
2017-02-28,2.5021731853485107,2.593896695778086,2.4849134924579066,2.5840337453883926,625360000
2017-03-01,2.5344741344451904,2.5734319010478313,2.49305062985797,2.5591308088538405,504804000
2017-03-02,2.4410250186920166,2.535707396762479,2.4383128475757117,2.5216529702451873,754332000
2017-03-03,2.4269704818725586,2.4353536619232425,2.3724787533873726,2.430422421036791,864692000
2017-03-06,2.408231019973755,2.418833504317229,2.34658898631287,2.390724657958911,883568000
2017-03-07,2.4346132278442383,2.454092223641577,2.3954090387484164,2.408230590751672,603400000
2017-03-08,2.430175304412842,2.497735008645193,2.427956234666433,2.482940818426341,638712000
2017-03-09,2.4296822547912598,2.452119855685064,2.4015734103598665,2.4141485310955493,478060000
2017-03-10,2.443984270095825,2.467901418971297,2.425738367450676,2.4560662960747717,499740000
2017-03-13,2.5112974643707275,2.5211601839228015,2.453600449175494,2.4543402178069895,774136000
2017-03-14,2.5095698833465576,2.5334867806692576,2.4772693388249687,2.5241174029832356,522016000
2017-03-15,2.5285558700561523,2.5394047854645234,2.4735710544702743,2.521158892966157,615036000
2017-03-16,2.559624433517456,2.5601177693319586,2.5251050352481843,2.539159462463144,523100000
2017-03-17,2.6153481006622314,2.6165809694633504,2.5596235125217754,2.5771298732645787,1119688000
2017-03-20,2.69868803024292,2.7026333045640483,2.6168274679833314,2.6328545276554887,748568000
2017-03-21,2.611402988433838,2.7112632512080093,2.6035129097920455,2.6814284357489484,913484000
2017-03-22,2.6646621227264404,2.6693469308961015,2.5963626376224385,2.6003076773585425,616764000
2017-03-23,2.640497922897339,2.676743513886307,2.6308818752662555,2.656771415154315,533940000
2017-03-24,2.6498680114746094,2.6947434571137365,2.6239784669591857,2.6868533773982914,439500000
2017-03-27,2.669100284576416,2.6730453243443573,2.5539529519922666,2.603266536955835,506644000
2017-03-28,2.655292272567749,2.6848804207016395,2.644936455992742,2.6703328968998825,432444000
2017-03-29,2.646663188934326,2.675018476349391,2.6444441183346217,2.6626900189506513,349992000
2017-03-30,2.697455644607544,2.7122498380976516,2.6481420582167323,2.653813067743887,525532000
2017-03-31,2.685866594314575,2.7095373006963475,2.6727986073831933,2.6878392315616217,440808000
2017-04-03,2.6723053455352783,2.7036194608879462,2.6486346405824666,2.6863597678145896,445232000
2017-04-04,2.4849133491516113,2.574664217298131,2.474064433552563,2.5495142125753225,1271280000
2017-04-05,2.466421365737915,2.5241183659061894,2.4533531422834494,2.4661746978763994,747048000
2017-04-06,2.4844207763671875,2.4965025632599533,2.426477109590859,2.4715992210515987,635120000
2017-04-07,2.473818302154541,2.5083379285756626,2.458777676649441,2.490831565080686,429068000
2017-04-10,2.4106967449188232,2.4812150579841505,2.4065050377418977,2.4745578481846477,756332000
2017-04-11,2.4193265438079834,2.4385588747554636,2.3756839737901276,2.380615214082827,618148000
2017-04-12,2.399355411529541,2.4336283801440666,2.394177501319789,2.419327518871291,414092000
2017-04-13,2.3544790744781494,2.396888776876378,2.3544790744781494,2.375190942720995,506892000
2017-04-17,2.4466960430145264,2.4469424757415257,2.3621230587989563,2.367300967814718,497292000
2017-04-18,2.4481749534606934,2.4543392978362455,2.406505020123017,2.4323945610632527,370116000
2017-04-19,2.457791328430176,2.4898449797975166,2.4511338832850535,2.4656814073507545,380828000
2017-04-20,2.4967494010925293,2.501434209513152,2.4511341859597042,2.472339157788991,404016000
2017-04-21,2.507105588912964,2.509817760187026,2.4745585930411487,2.486393714629048,341896000
2017-04-24,2.538419246673584,2.5514872351030125,2.517707611360955,2.5386656793916544,371820000
2017-04-25,2.582554340362549,2.5971018624000712,2.531514796899994,2.5529661958169276,388440000
2017-04-26,2.56480073928833,2.598580344759619,2.562828102882113,2.5961148431838432,327004000
2017-04-27,2.604745388031006,2.613128565937457,2.5541989473585147,2.572198407009779,319700000
2017-04-28,2.5717055797576904,2.60474566473676,2.5660343361396643,2.597841787440747,348248000
2017-05-01,2.629403829574585,2.6345819756340574,2.575405414207206,2.582555963388555,307732000
2017-05-02,2.5514872074127197,2.6037598660003085,2.5288029348730947,2.6025269969861666,629972000
2017-05-03,2.5704729557037354,2.5800890042400897,2.5297892212312605,2.544583178232684,336904000
2017-05-04,2.560610055923462,2.5877324652472997,2.552719742294881,2.576636880718073,209788000
2017-05-05,2.560856819152832,2.5680073653635804,2.5334877384674614,2.549021699900861,228428000
2017-05-08,2.53398060798645,2.5741710016807877,2.522638356251126,2.5726917002260987,365240000
2017-05-09,2.5381722450256348,2.587239391227207,2.531268367495991,2.5396517817223825,847672000
2017-05-10,2.9906253814697266,3.003693605988614,2.811370491575143,2.8180277026296503,2129096000
2017-05-11,3.119086980819702,3.2159884116789885,2.9565987084732877,2.960050647498926,1939792000
2017-05-12,3.1533596515655518,3.1955229195883312,3.101333903062861,3.122292203160472,962620000
2017-05-15,3.311656951904297,3.3141226899803264,3.1900988394755987,3.194537215041597,1087540000
2017-05-16,3.3732993602752686,3.3888333237292874,3.2882335037002997,3.362696873510335,1120700000
2017-05-17,3.1491684913635254,3.3252180885212232,3.144976783899975,3.30647885643409,1271368000
2017-05-18,3.2810823917388916,3.289958907163751,3.1326483080191996,3.1930574761868824,1156032000
2017-05-19,3.356858491897583,3.411654063421219,3.3376059047269275,3.382281680494977,1018372000
2017-05-22,3.4284379482269287,3.442753863423472,3.389685853071604,3.4005464298073544,836608000
2017-05-23,3.3822813034057617,3.4504057807082886,3.3497000418868716,3.448184373858061,681248000
2017-05-24,3.4202933311462402,3.4820002887222214,3.4081985847960987,3.4792850262876858,815996000
2017-05-25,3.4126412868499756,3.456329819661916,3.367718586765042,3.455589272219452,608228000
2017-05-26,3.5010054111480713,3.5859141378365513,3.3842559707997424,3.404495795165176,779140000
2017-05-30,3.575794219970703,3.6108435788504414,3.530871523758099,3.54691522613737,989652000
2017-05-31,3.5629594326019287,3.6283686496116174,3.5061889156233286,3.620716953837603,887316000
2017-06-01,3.563206911087036,3.579744473543979,3.5177905816397708,3.578756998282334,503340000
2017-06-02,3.5454344749450684,3.5864077433172987,3.539510566521937,3.560244010609572,487456000
2017-06-05,3.6532986164093018,3.6661336748438966,3.5175434984808684,3.529144389520595,817376000
2017-06-06,3.6367616653442383,3.6947661265105416,3.6234329856590746,3.648609249845836,758728000
2017-06-07,3.6806960105895996,3.699454975763149,3.645646650083577,3.6611967333963893,612612000
2017-06-08,3.9477643966674805,3.9492452562992204,3.746599584604457,3.787819786771555,1161744000
2017-06-09,3.6925442218780518,4.159048889611222,3.5234670604482456,4.066241764242859,3692928000
2017-06-12,3.701676845550537,3.744378142342247,3.507670347403907,3.600724402102928,1697532000
2017-06-13,3.7369730472564697,3.820153991062001,3.595046871263725,3.811021200339056,1672504000
2017-06-14,3.7448716163635254,3.8026293762906778,3.665393170527029,3.739935182436256,1184640000
2017-06-15,3.7609148025512695,3.7912744182940896,3.6160266942198076,3.6273808901457687,963824000
2017-06-16,3.742403745651245,3.818426861938629,3.7083416176110013,3.7705421993230743,924960000
2017-06-19,3.8830950260162354,3.8882783872048488,3.7828829055830493,3.786585171921583,778176000
2017-06-20,3.8774173259735107,3.9921922760184825,3.873221440339427,3.925301973335522,1095444000
2017-06-21,3.9361634254455566,3.9398659277608994,3.8431093662056073,3.9050632534128074,682652000
2017-06-22,3.909012794494629,3.957638007227699,3.885070461931788,3.9443090918682695,469132000
2017-06-23,3.796952247619629,3.932460660943958,3.781895548011734,3.9166636492813636,1088588000
2017-06-26,3.7554850578308105,3.8653233547674932,3.6611968446795897,3.8297801379769107,1063960000
2017-06-27,3.618001699447632,3.7465989538585602,3.612324718724984,3.737960018977722,999492000
2017-06-28,3.745612382888794,3.7503021248603043,3.5975155901162217,3.6856332124170392,994948000
2017-06-29,3.6204702854156494,3.720188552562455,3.556294999850541,3.7172268335917615,1064424000
2017-06-30,3.568143367767334,3.651324324223483,3.541979629676538,3.637748717576798,731060000
2017-07-03,3.439051866531372,3.595047038812566,3.4205398273979633,3.580237501663179,709072000
2017-07-05,3.5308725833892822,3.559751350495949,3.48348153862119,3.5024872008253443,820188000
2017-07-06,3.541485548019409,3.5883829668595095,3.4496656606181246,3.5017464412152846,746284000
2017-07-07,3.6224453449249268,3.6407106938630642,3.5753012305537397,3.598256321703289,654972000
2017-07-10,3.7937440872192383,3.8011488569280885,3.669836540307806,3.696000279646235,958492000
2017-07-11,3.8475520610809326,3.8552037572573274,3.7554852501286358,3.7974459975910055,757956000
2017-07-12,4.011197090148926,4.023291595544093,3.8643347681353863,3.907282738130697,1145208000
2017-07-13,3.964794635772705,4.104745850271688,3.9183910800666095,4.023292700194682,1369132000
2017-07-14,4.071425437927246,4.072906062238126,3.974175020153437,3.9810861695600277,941948000
2017-07-17,4.0541462898254395,4.134365510432065,3.992439341908543,4.105486515687816,930792000
2017-07-18,4.096354007720947,4.110916850525457,3.9813318892340583,3.993179705547325,776640000
2017-07-19,4.075127124786377,4.131897407055427,4.063032615046507,4.1054867452455035,687044000
2017-07-20,4.134365081787109,4.134611773966645,4.0457540983138705,4.0956132242029515,699596000
2017-07-21,4.149175643920898,4.178795190334689,4.0995631979194975,4.1138793512517235,648332000
2017-07-24,4.101044178009033,4.165960015272796,4.090430762517662,4.156333839503097,652524000
2017-07-25,4.081297397613525,4.095613548532505,4.037608868259373,4.078088515879046,496556000
2017-07-26,4.128442287445068,4.194345367723965,4.09363937849327,4.138809011220768,640404000
2017-07-27,3.992194414138794,4.164974132984442,3.8890202970104926,4.153373003203693,782856000
2017-07-28,4.057602405548096,4.0820385899293905,3.9314737016528074,3.956403035116838,513348000
2017-07-31,4.011197090148926,4.107213056919404,3.9645468550532805,4.071176232864189,559672000
2017-08-01,4.060072898864746,4.061800687023093,3.973930183316581,4.001821486219342,431384000
2017-08-02,4.057602405548096,4.095120340346558,3.980592527260087,4.09117138139096,478444000
2017-08-03,4.109189510345459,4.112891776800878,4.040077554861996,4.057108733815611,442420000
2017-08-04,4.127208709716797,4.197801302664501,4.109190287685617,4.131898216728335,589096000
2017-08-07,4.2540764808654785,4.254569865199252,4.146706069160936,4.156332713108453,717412000
2017-08-08,4.2034783363342285,4.308626673564978,4.164232611368347,4.292089347434649,755336000
2017-08-09,4.248153209686279,4.250621544084613,4.138561610490842,4.157320575288858,530784000
2017-08-10,4.0662407875061035,4.261728330130652,4.056120758856715,4.249386659538741,1328088000
2017-08-11,3.8495266437530518,3.924562277189722,3.7742443180808567,3.8786523342931205,1497196000
2017-08-14,4.156580448150635,4.160282714729137,3.929498839197511,3.9410997295706225,1279020000
2017-08-15,4.121530055999756,4.187926503335929,4.087221011335948,4.161763008520811,764532000
2017-08-16,4.076362609863281,4.16003744104894,4.0440284977594505,4.13658896007814,596632000
2017-08-17,3.9855289459228516,4.085000534604366,3.983307774084416,4.067969824291647,525444000
2017-08-18,3.9862680435180664,4.056861077115559,3.940358114317459,4.03982990221094,601204000
2017-08-21,3.928264856338501,4.022059458823003,3.8843296274308283,4.010705495538857,623672000
2017-08-22,4.015717506408691,4.021646629703344,3.9455568423567544,3.964826375264103,450456000
2017-08-23,4.09600830078125,4.107125350653623,3.9737207521851414,3.9823677653758303,579520000
2017-08-24,4.080939292907715,4.132572118622982,4.054505841937392,4.128124920679064,469700000
2017-08-25,4.046844959259033,4.11527654140977,4.04042154691514,4.105147604221954,357200000
2017-08-28,4.075503826141357,4.078715533758807,4.010283920808854,4.0658691744902455,389496000
2017-08-29,4.068832874298096,4.09057315352542,4.008553994406582,4.016706716917119,324096000
2017-08-30,4.093042850494385,4.104159897315108,4.058209311469168,4.08859565480524,384400000
2017-08-31,4.185932636260986,4.1898850717498455,4.105890163197444,4.113301215339644,612684000
2017-09-01,4.211130619049072,4.2467053619164,4.189884631325623,4.198531643251215,445432000
2017-09-05,4.09872579574585,4.1646868967447945,4.040670508602392,4.159745880885417,695364000
2017-09-06,4.096254348754883,4.145416644243239,4.061421278694488,4.131582179969483,397672000
2017-09-07,4.1152777671813965,4.147640334273255,4.075009386972851,4.11305416889211,352868000
2017-09-08,4.043880462646484,4.118488082143077,4.01967015229353,4.10366551046591,498856000
2017-09-11,4.175061225891113,4.185684453237676,4.0841486404934155,4.08958394443853,567444000
2017-09-12,4.190133094787598,4.199767746770322,4.124913187210311,4.199767746770322,411488000
2017-09-13,4.20890998840332,4.2378139540245465,4.1325730041600455,4.164935588122345,580960000
2017-09-14,4.184945583343506,4.263011858360475,4.145418391274253,4.1698756234365035,513712000
2017-09-15,4.449529647827148,4.449529647827148,4.265233913757522,4.270421838742263,1364792000
2017-09-18,4.633329391479492,4.723501243276602,4.566874499939189,4.573791730713629,1684460000
2017-09-19,4.628390312194824,4.690151590035903,4.560946819620732,4.582934007934181,874280000
2017-09-20,4.591085910797119,4.679528004950503,4.550817534312642,4.632095486642812,724920000
2017-09-21,4.465588569641113,4.513515393191882,4.3877692087374545,4.487328382624456,1075600000
2017-09-22,4.4221062660217285,4.503878493576461,4.412224709123894,4.45422238614202,491232000
2017-09-25,4.2244720458984375,4.392462818783473,4.203720344325838,4.391227329193932,874580000
2017-09-26,4.248188018798828,4.414202571612205,4.20841392463787,4.359111610909414,1125620000
2017-09-27,4.341323375701904,4.354664021722817,4.2677038556038775,4.338605958860897,713720000
2017-09-28,4.340089797973633,4.3524418681507795,4.292656793002539,4.348488960669431,435244000
2017-09-29,4.416425704956055,4.4401417305734565,4.378874742060384,4.4240841374203335,619092000
2017-10-02,4.4221062660217285,4.49572577327479,4.372697539130484,4.466574450064573,503480000
2017-10-03,4.431246757507324,4.461139277669107,4.387025486173555,4.428281960822983,390332000
2017-10-04,4.468305587768555,4.490539688895516,4.400862084856608,4.437424944114578,427848000
2017-10-05,4.465834140777588,4.496220959156092,4.435941612382942,4.49276234287247,437364000
2017-10-06,4.478928565979004,4.492269215784202,4.42210829198177,4.4381663593988145,318800000
2017-10-09,4.579970359802246,4.6130746052840506,4.496963072230968,4.51573855818169,563492000
2017-10-10,4.667422771453857,4.766735002603831,4.626166286899726,4.729184043593736,974876000
2017-10-11,4.717080593109131,4.7185629923433465,4.638026211569766,4.683976347018913,529508000
2017-10-12,4.719302654266357,4.770193789780136,4.692127542766207,4.720537672424942,528292000
2017-10-13,4.8072509765625,4.817379917115266,4.734620026767032,4.781558261053562,628728000
2017-10-16,4.889764308929443,4.892729106963427,4.77390017139383,4.837143855838381,576640000
2017-10-17,4.885316848754883,4.913726979237013,4.850730684898575,4.86901187562246,478596000
2017-10-18,4.88111686706543,4.894951332137726,4.775875980279424,4.894210603966962,567316000
2017-10-19,4.8865509033203125,4.891491445848285,4.754381848876704,4.803543663237313,570772000
2017-10-20,4.864318370819092,4.930773283316132,4.855424449017941,4.903598641504522,451620000
2017-10-23,4.857400894165039,4.912491845642332,4.837143015124431,4.886057933372628,428696000
2017-10-24,4.908291339874268,4.910020647783327,4.840600950861774,4.866540569497658,407244000
2017-10-25,4.784276008605957,4.921633517896593,4.722762103989005,4.868765684317784,828160000
2017-10-26,4.834426403045654,4.846037272057175,4.7879819845971525,4.811945393324472,322744000
2017-10-27,4.98685359954834,4.987100508992291,4.860613135907283,4.886553234760279,572192000
2017-10-30,5.035768032073975,5.0913528083685415,4.971041952838556,4.986853108517952,504056000
2017-10-31,5.109139919281006,5.135820742467771,5.061954306489395,5.067636521257408,411908000
2017-11-01,5.118775844573975,5.187207463440395,5.0545440426778105,5.171890594772702,502576000
2017-11-02,5.087646961212158,5.133844464633295,5.031073608406742,5.089129360038813,342308000
2017-11-03,5.155584812164307,5.155584812164307,5.072824917826681,5.118775045454971,353640000
2017-11-06,5.178807735443115,5.187454278695054,5.106423681590806,5.1187757516075,389944000
2017-11-07,5.238098621368408,5.259591996384766,5.189431068748827,5.201536229536529,427700000
2017-11-08,5.167195796966553,5.237356708738341,5.119763273617123,5.233650711538345,522988000
2017-11-09,5.07233190536499,5.09728342890617,4.950044796184129,5.07109688670313,978564000
2017-11-10,5.339632987976074,5.402135463733808,5.228215592651567,5.264037246027529,1253256000
2017-11-13,5.252920150756836,5.365078273283198,5.237603286503175,5.3396329405273395,582376000
2017-11-14,5.291213035583496,5.306529903297552,5.218334694815808,5.262061699276421,529292000
2017-11-15,5.187453746795654,5.237357254277296,5.133598274691764,5.236121764681548,501948000
2017-11-16,5.22772216796875,5.291707053116871,5.218828716103121,5.261567609348659,441768000
2017-11-17,5.221546173095703,5.320117228691367,5.206476686698081,5.284789859200453,515664000
2017-11-20,5.288743019104004,5.300848179169711,5.200300429625877,5.2371101999323395,396100000
2017-11-21,5.337409973144531,5.349021313006276,5.296647771317572,5.328516521778953,399176000
2017-11-22,5.313429832458496,5.364603882866975,5.2807972276692325,5.364603882866975,356640000
2017-11-24,5.3636155128479,5.364604779909946,5.305272332618595,5.3297470260673565,180752000
2017-11-27,5.2938995361328125,5.3735034565377005,5.290685597573749,5.372267580222662,422896000
2017-11-28,5.209105491638184,5.308486760592151,5.148043000186751,5.299092494866648,512752000
2017-11-29,4.855833053588867,5.194519848703628,4.7275272690672265,5.19180054277382,1396788000
2017-11-30,4.961887359619141,5.010589185635246,4.8615177930239115,4.924557859108737,823768000
2017-12-01,4.8869805335998535,4.947548843661864,4.758180631951143,4.927276889483337,811548000
2017-12-04,4.614547252655029,4.9517509282038485,4.561148540756615,4.945570133159746,1240844000
2017-12-05,4.641247272491455,4.763866851278657,4.464240178847123,4.509233430866469,981488000
2017-12-06,4.678825855255127,4.700580774012812,4.5695556848229195,4.590816441522862,467032000
2017-12-07,4.7463154792785645,4.7861176844595095,4.700085867020088,4.745573764706416,542600000
2017-12-08,4.733955383300781,4.81528984184804,4.725549912533823,4.796253756336266,466876000
2017-12-11,4.81232213973999,4.815288997857122,4.7322240435068235,4.748045715036106,372748000
2017-12-12,4.717884540557861,4.792049851211702,4.694399118191513,4.768811509804254,455016000
2017-12-13,4.602682113647461,4.76015899077714,4.595265440342375,4.758923114323924,554280000
2017-12-14,4.609851837158203,4.680803225981473,4.563622224388892,4.596254836752093,438164000
2017-12-15,4.735684394836426,4.755956350678538,4.588837670049454,4.653855800100561,670036000
2017-12-18,4.892420291900635,4.895386678237152,4.746562354295353,4.776228103774868,477704000
2017-12-19,4.848170280456543,4.888219577484205,4.819740395654178,4.883028045603654,373100000
2017-12-20,4.865225315093994,4.89662156816002,4.809601456615475,4.887474858485402,288820000
2017-12-21,4.842730522155762,4.89365703306271,4.834325052090789,4.868688175419352,300904000
2017-12-22,4.827403545379639,4.836797812104332,4.728022265855305,4.805895705791553,466276000
2017-12-26,4.881047248840332,4.888711001828573,4.742111371280177,4.77202466887576,355080000
2017-12-27,4.874371528625488,4.943592375633982,4.853111254172869,4.867697043510228,329488000
2017-12-28,4.880058288574219,4.9290071907499975,4.873877964509658,4.898105098898695,240248000
2017-12-29,4.783644676208496,4.906264267913076,4.783644676208496,4.906264267913076,279964000
2018-01-02,4.9282660484313965,4.93197462052338,4.8083662387712005,4.840009577099086,355616000
2018-01-03,5.2526140213012695,5.283021951983341,5.037041087712095,5.045693635907356,914704000
2018-01-04,5.28030252456665,5.390561458402305,5.2580529787285135,5.333948798451929,583268000
2018-01-05,5.3250508308410645,5.362380342670096,5.218252883177355,5.295137522253876,580124000
2018-01-08,5.488213062286377,5.562377912508374,5.403664680365826,5.448658412630829,881216000
2018-01-09,5.486728668212891,5.533205349807111,5.405147158706325,5.493650707108688,497000000
2018-01-10,5.529744625091553,5.533205644723922,5.339882235713851,5.394269754440875,582664000
2018-01-11,5.539633750915527,5.593774190913666,5.518125446278881,5.562377460431114,406032000
2018-01-12,5.512439727783203,5.562130352331942,5.471896286108399,5.527767235721763,359916000
2018-01-16,5.441488265991211,5.624428619904985,5.356940364207161,5.538891922709509,702348000
2018-01-17,5.555455684661865,5.565344110977287,5.362132258485765,5.456074430360988,538408000
2018-01-18,5.548533916473389,5.60292144269287,5.505023612580628,5.53617279356308,408632000
2018-01-19,5.688704490661621,5.7129316262650836,5.611820350109823,5.638766790715722,609380000
2018-01-22,5.7772088050842285,5.778939315000226,5.63901462125564,5.696616081971822,550944000
2018-01-23,5.906255722045898,5.928999429795258,5.812066009441394,5.830606983285832,475228000
2018-01-24,5.829371452331543,5.945316084199526,5.773747584445746,5.909469539169948,579972000
2018-01-25,5.8429670333862305,5.927020753025705,5.828134162722928,5.883757545592426,409884000
2018-01-26,6.015526294708252,6.015773375702054,5.87387108303846,5.886726367645368,516356000
2018-01-29,6.1025471687316895,6.133696824285735,5.948284206276021,6.000941227584917,455116000
2018-01-30,6.000446319580078,6.091916747754112,5.893895933659216,5.960644586256865,570832000
2018-01-31,6.076588153839111,6.162372402728371,6.04321383349187,6.075846439405364,478576000
2018-02-01,5.945562839508057,6.103781885220085,5.885242078829885,5.8966139327554,519224000
2018-02-02,5.773006916046143,5.883018795366627,5.714911284864153,5.859038734011418,718464000
2018-02-05,5.283023834228516,5.765838081656066,5.067944985891244,5.611822197378849,1165204000
2018-02-06,5.57671594619751,5.579682332372059,5.043221931368157,5.053110828340442,1114800000
2018-02-07,5.656317710876465,5.808850553330427,5.6044024318406445,5.675600865610069,802932000
2018-02-08,5.377460956573486,5.815034409321553,5.377213404002612,5.781907631580263,1144000000
2018-02-09,5.737407207489014,5.905761778186153,5.377459722190224,5.889940107602543,1674604000
2018-02-12,5.63728141784668,5.82145803846813,5.563116607874546,5.818491182013362,1093172000
2018-02-13,5.751003742218018,5.797233345312291,5.568557554081794,5.600943078650049,625524000
2018-02-14,5.9683074951171875,5.997232001447178,5.699582884214901,5.71070765807039,744988000
2018-02-15,6.093893527984619,6.140123133709007,5.970779771567889,6.05161957557638,698900000
2018-02-16,6.028134822845459,6.1804201837903685,6.018987638767597,6.0667006787423725,637656000
2018-02-20,6.157674312591553,6.226647611683429,6.046920761514834,6.050629332964406,686240000
2018-02-21,5.970531940460205,6.229121034663457,5.966823839825248,6.222198995329635,892292000
2018-02-22,5.990075588226318,6.076160400628997,5.924522568824073,6.004423214233998,534364000
2018-02-23,6.083581924438477,6.083581924438477,5.999228694334357,6.049939620592933,415300000
2018-02-26,6.099659442901611,6.134291147269622,6.037321903217607,6.129838566968247,469312000
2018-02-27,6.086796760559082,6.157297292320378,6.06379120964858,6.072943605648538,455436000
2018-02-28,5.986365795135498,6.137261466854899,5.97473916366884,6.097682227864064,523116000
2018-03-01,5.7441887855529785,6.038064781515423,5.643014183931714,5.984137927134577,1040120000
2018-03-02,5.8513007164001465,5.85773258995665,5.4879135432873,5.636583148776854,913428000
2018-03-05,5.829282283782959,5.868861501045417,5.6776440478822865,5.8010819853236235,620776000
2018-03-06,5.990321636199951,6.0096167807084235,5.871583954901183,5.914626352576446,636808000
2018-03-07,5.982405185699463,6.034600444574324,5.886178124393155,5.88741476867348,581208000
2018-03-08,5.966081142425537,6.009865727962424,5.921801615884672,6.009865727962424,411912000
2018-03-09,6.06873893737793,6.081601739121654,5.997496227771388,6.013574965861866,505524000
2018-03-12,6.178324222564697,6.258472099922457,6.101886750916875,6.110050209664757,605060000
2018-03-13,6.127612590789795,6.2955773156907275,6.086301776351757,6.221118672796109,619772000
2018-03-14,6.153091907501221,6.197865892724463,6.090754362170753,6.170654995786817,505496000
2018-03-15,6.167934417724609,6.24907170131703,6.125881424985876,6.166697773153614,401952000
2018-03-16,6.196134090423584,6.215181528884437,6.146659819872974,6.184260227745709,399456000
2018-03-19,5.9616265296936035,6.168180580127958,5.862678467454943,6.139238572709406,713772000
2018-03-20,6.173868656158447,6.212705695518576,5.9645931937879055,5.9645931937879055,554696000
2018-03-21,6.1486406326293945,6.233736040443544,6.118213793012424,6.167440369394967,438688000
2018-03-22,5.98265266418457,6.131817165746001,5.945299966079538,6.085311601035697,551196000
2018-03-23,5.762988567352295,5.998732345338732,5.75185688020973,5.996258584660206,735620000
2018-03-26,6.04771089553833,6.048947539807527,5.8354671635996045,5.887414715693695,611424000
2018-03-27,5.578697204589844,6.1842599251353825,5.438438329146964,6.128601491444846,1409000000
2018-03-28,5.47554349899292,5.674429027012245,5.3679375142096735,5.544312435454576,945904000
2018-03-29,5.7288498878479,5.825571405366474,5.45946340993014,5.543816598992392,916628000
2018-04-02,5.468122959136963,5.804546877522229,5.380306574265453,5.658351059091432,922092000
2018-04-03,5.574491024017334,5.698176203998765,5.475542974396494,5.635096969809703,667432000
2018-04-04,5.596508502960205,5.606898015277474,5.293726879443016,5.3187112502757286,789168000
2018-04-05,5.476288795471191,5.668000857709984,5.4047988233102275,5.654890344464538,701240000
2018-04-06,5.299910545349121,5.481727937384405,5.270720831073199,5.373627006394629,662988000
2018-04-09,5.328607559204102,5.490882626804671,5.308570233414309,5.362992040560817,499524000
2018-04-10,5.637819766998291,5.664782959900743,5.501765742427308,5.558908536547888,761676000
2018-04-11,5.596508502960205,5.664288039378789,5.5638556151568945,5.622977224644422,460244000
2018-04-12,5.803309440612793,5.821120234228695,5.645239767847968,5.689519281458002,593920000
2018-04-13,5.726624488830566,5.875294053120208,5.678387337811307,5.866883361640991,503036000
2018-04-16,5.726377010345459,5.759772068510178,5.632128766535358,5.733303350839929,350792000
2018-04-17,5.876036643981934,5.89731060869209,5.722914488617086,5.778572925198813,447224000
2018-04-18,5.84709358215332,5.918336279541336,5.7580405642844745,5.825572385054346,391364000
2018-04-19,5.665772438049316,5.766204871482448,5.610361700608512,5.732809805190532,471996000
2018-04-20,5.657609462738037,5.741467744563186,5.626440922864354,5.657114521800595,386200000
2018-04-23,5.538128852844238,5.726624889874579,5.512155073064359,5.675419505711618,427508000
2018-04-24,5.471834182739258,5.6598352965192325,5.406528403559235,5.56385591960005,414596000
2018-04-25,5.359527587890625,5.4812339774552985,5.202200080694767,5.4421492172352615,588492000
2018-04-26,5.5712761878967285,5.57943964540982,5.4552595001524455,5.521307448364798,375824000
2018-04-27,5.598735332489014,5.6969417158506985,5.556435101938262,5.677152098437001,400848000
2018-04-30,5.563360214233398,5.664782040029214,5.544065542045836,5.615060537009952,327844000
2018-05-01,5.618771076202393,5.621492071160562,5.4965697630116805,5.555196895059056,253788000
2018-05-02,5.598239898681641,5.6598347950727055,5.572018412420499,5.615308517430774,268248000
2018-05-03,5.763484477996826,5.789705970290616,5.5848829700000255,5.630151905278977,443144000
2018-05-04,5.913637638092041,5.916853574525235,5.717473064813771,5.734788919728415,400660000
2018-05-07,6.151607513427734,6.208750302230885,6.008379925533564,6.018274968649216,687616000
2018-05-08,6.194155693054199,6.196876688473961,6.102875662380824,6.151854995401465,506616000
2018-05-09,6.327241897583008,6.3294684243989146,6.186982975546248,6.214193879239188,596760000
2018-05-10,6.434847354888916,6.443999751623154,6.362367525570258,6.3801783217513455,994080000
2018-05-11,6.296319007873535,6.426436088848092,6.197618641746434,6.253029373607263,1214456000
2018-05-14,6.316850662231445,6.3942780050058285,6.2931034084385375,6.334414221915159,523140000
2018-05-15,6.074427127838135,6.255997277719239,5.973994717322679,6.253275810922347,963528000
2018-05-16,6.0855584144592285,6.147648241277397,5.9989786908281095,6.035836917379133,553828000
2018-05-17,6.127612590789795,6.221365907329043,6.07121197705351,6.087291186305119,519784000
2018-05-18,6.083828449249268,6.242887552265371,6.07888092730814,6.179561064341261,483716000
2018-05-21,6.041775226593018,6.185002820135822,5.949011316922657,6.181292414731934,640624000
2018-05-22,6.003680229187012,6.0803649275649825,5.943074268457857,6.055133322035146,518264000
2018-05-23,6.127193927764893,6.128431809099097,5.946749353691373,5.947491988069215,442956000
2018-05-24,6.130904674530029,6.173231515789959,6.070261727647147,6.123479277343778,437372000
2018-05-25,6.170262813568115,6.18659935319307,6.107887192516503,6.143530337101226,292112000
2018-05-29,6.1531829833984375,6.221252284671248,6.106401272598585,6.152192961725743,352684000
2018-05-30,6.262094974517822,6.2707582564830755,6.162095678625496,6.186848115146273,390996000
2018-05-31,6.242293357849121,6.316798057705892,6.219521436418476,6.230164762635096,493868000
2018-06-01,6.376697540283203,6.382886002900926,6.278430910272674,6.2870941914013905,421968000
2018-06-04,6.555657863616943,6.577687149398921,6.378678582333933,6.410856418879275,642024000
2018-06-05,6.561102390289307,6.598726050744188,6.514072814720706,6.558874487191297,391712000
2018-06-06,6.563081741333008,6.566299665875008,6.454666577604137,6.471003115592232,371356000
2018-06-07,6.507390022277832,6.571250912124747,6.417043571237328,6.559369706545463,369448000
2018-06-08,6.492042541503906,6.534616304382778,6.415805210438967,6.434617037797069,360456000
2018-06-11,6.450954914093018,6.521003798296913,6.438083685971656,6.4794200484187074,265372000
2018-06-12,6.499470233917236,6.511598829395105,6.42719343598427,6.4774409465060705,319160000
2018-06-13,6.49501371383667,6.575953779485196,6.4858551859758435,6.500954316758097,338208000
2018-06-14,6.606646537780762,6.663329414513491,6.525211228602961,6.540062971338033,430016000
2018-06-15,6.565805912017822,6.62075614066537,6.518528943269654,6.549469370314861,432260000
2018-06-18,6.56159782409668,6.579171773510116,6.494519007189314,6.521746259408911,356268000
2018-06-19,6.439817428588867,6.525708093031087,6.312343007253422,6.458381403438986,594932000
2018-06-20,6.492785453796387,6.545755154255158,6.442537958858666,6.480904249470554,369780000
2018-06-21,6.364074230194092,6.543033542170059,6.356400970822104,6.524716957917615,359516000
2018-06-22,6.211599826812744,6.398232878990694,6.19625377946546,6.384866403294761,434160000
2018-06-25,5.9187798500061035,6.10887773905209,5.830166519708088,6.105165039036301,665816000
2018-06-26,5.989818096160889,6.080411932290979,5.938333188048644,6.032144948964095,478884000
2018-06-27,5.834621429443359,6.099718766614931,5.829175601421387,6.033382585467172,453892000
2018-06-28,5.96184778213501,5.973728986554079,5.817046370461789,5.824719628644382,338012000
2018-06-29,5.863829135894775,6.039570513021553,5.8625912545835215,6.026947145172465,392300000
2018-07-02,5.996006488800049,5.999719188362645,5.773730319704715,5.794274805229378,357572000
2018-07-03,5.862343788146973,6.036600366310155,5.8539278949520925,6.030659763591027,222732000
2018-07-05,6.008135795593262,6.01308590489407,5.878680877080173,5.91754194974374,306216000
2018-07-06,6.121994972229004,6.130410864336519,5.962342298021104,5.983629415671489,296352000
2018-07-09,6.169519901275635,6.205906150696636,6.090807744144969,6.196252848651623,303880000
2018-07-10,6.268528938293457,6.290558217754006,6.141549340691406,6.181895672604975,360016000
2018-07-11,6.126947402954102,6.210362770736958,6.1163036048576895,6.175709642314842,367508000
2018-07-12,6.21852970123291,6.266549297581639,6.162342071255608,6.172243233110901,345508000
2018-07-13,6.171253204345703,6.237094613728223,6.12917420751609,6.237094613728223,246988000
2018-07-16,6.14353084564209,6.196501028128122,6.131154864219169,6.14353084564209,197036000
2018-07-17,6.279420852661133,6.294519983644975,6.068778485957057,6.094273554163843,362136000
2018-07-18,6.230164527893066,6.285857392062557,6.179174858000323,6.2719961409116545,277640000
2018-07-19,6.238330841064453,6.27199440984088,6.196252324320576,6.2113509806798115,235752000
2018-07-20,6.2101149559021,6.274718486063104,6.199223771098906,6.2358574129907876,222352000
2018-07-23,6.173480987548828,6.185362193594304,6.021748931212923,6.183629537384063,301584000
2018-07-24,6.156153678894043,6.308133104225714,6.13857925938327,6.221499832106269,354620000
2018-07-25,6.234371185302734,6.246995024466289,6.107638963091439,6.165559718689685,319112000
2018-07-26,6.307886123657227,6.344767151704547,6.197490899059358,6.214322686613513,325124000
2018-07-27,6.23808479309082,6.351450558328467,6.184124588622142,6.344519933177758,295420000
2018-07-30,6.042787551879883,6.258133073464418,6.007886574566048,6.252192471536247,340340000
2018-07-31,6.060858249664307,6.135610331028359,5.993532040582283,6.032393114086684,283988000
2018-08-01,6.100709915161133,6.147492112316867,6.036849012753573,6.092294492324538,283556000
2018-08-02,6.203432083129883,6.207392170845186,5.970512546317374,6.029422864046929,269668000
2018-08-03,6.240063190460205,6.263825597343778,6.21110328819832,6.227934599646429,214288000
2018-08-06,6.287835597991943,6.291300909766768,6.180905707732599,6.227440029312622,207508000
2018-08-07,6.360110759735107,6.378675195034775,6.309863751725756,6.336596217520301,258132000
2018-08-08,6.396498680114746,6.441548209075582,6.326449804495059,6.361350784661163,262100000
2018-08-09,6.347985744476318,6.417044613971682,6.340312484297559,6.414321935607632,204280000
2018-08-10,6.306647300720215,6.339072987179923,6.2549150125004624,6.266053581858429,256396000
2018-08-13,6.339568614959717,6.460360238297473,6.313578773665132,6.3153114297514374,375208000
2018-08-14,6.47100305557251,6.4851121626801564,6.361845258568456,6.445013216312816,466220000
2018-08-15,6.412837028503418,6.525707553680187,6.334124384188572,6.491796588157246,591136000
2018-08-16,6.372242450714111,6.48511344137718,6.312094255360097,6.482638150657717,801260000
2018-08-17,6.0598673820495605,6.2615990658127565,6.032887047003049,6.260856431476854,1143188000
2018-08-20,6.134620666503906,6.267293048633287,5.908879140382642,6.019274848595138,854388000
2018-08-21,6.270263195037842,6.274718529543019,6.131154970819281,6.150956824708299,673988000
2018-08-22,6.505408763885498,6.510359344330559,6.234123470660205,6.237588782549081,749856000
2018-08-23,6.604913711547852,6.6702598671362034,6.452934280689882,6.466795529194882,720684000
2018-08-24,6.738080978393555,6.75268486050205,6.608873942293307,6.6133292759323945,531512000
2018-08-27,6.829169750213623,6.903426571652201,6.736348487358723,6.767783683108289,505776000
2018-08-28,6.79154634475708,6.846001789806466,6.671497355930979,6.82322940119538,475384000
2018-08-29,6.897049903869629,6.922063400202053,6.763066407189008,6.783869654946075,420108000
2018-08-30,6.8802080154418945,6.977042775347515,6.843306818794787,6.865843667602804,346608000
2018-08-31,6.951286792755127,6.964165060576474,6.850241776811747,6.860148354691998,306592000
2018-09-04,7.0260796546936035,7.063723421933758,6.909679728124105,6.938160430564915,391720000
2018-09-05,6.895315647125244,7.043911012372252,6.814331307691543,7.008495893087813,393156000
2018-09-06,6.754148960113525,6.881445536632969,6.72121049148199,6.878968892562481,322796000
2018-09-07,6.732851982116699,6.858414979468355,6.6171950906039445,6.662021270551889,295420000
2018-09-10,6.803930282592773,6.833649547205088,6.711553748088767,6.755389368159627,220140000
2018-09-11,6.756132125854492,6.845288971213909,6.736814486572646,6.757617734744121,243112000
2018-09-12,6.642208576202393,6.735823661711661,6.4866787940881485,6.71625850043632,419092000
2018-09-13,6.719973564147949,6.810616485371078,6.690749820398229,6.708085859508802,305536000
2018-09-14,6.846031665802002,6.912156610127286,6.773467823622677,6.810369023935188,386936000
2018-09-17,6.784116268157959,6.8695588419502664,6.764799104222408,6.820522419223566,205528000
2018-09-18,6.712047576904297,6.890857232948218,6.705361156903817,6.788079092553697,299520000
2018-09-19,6.735825061798096,6.753656622832854,6.643448515547965,6.693475517665824,224860000
2018-09-20,6.594658374786377,6.656077554890416,6.5406686561212855,6.6137280186247756,430584000
2018-09-21,6.524569988250732,6.652114573328554,6.4913839934133115,6.6065453568288355,435128000
2018-09-24,6.580294132232666,6.583761340259767,6.406437740628487,6.493613459183464,293912000
2018-09-25,6.647409915924072,6.672423413770137,6.560729239319334,6.646419352500221,280388000
2018-09-26,6.610507965087891,6.6927308608061145,6.594658007354361,6.652362453523829,268548000
2018-09-27,6.622395038604736,6.666973689993917,6.590942648869463,6.645674927516839,214428000
2018-09-28,6.959707260131836,6.98199658940961,6.726412815712354,6.7543984748710395,709396000
2018-10-01,7.166255474090576,7.23312299326431,6.998837972462006,7.037472780530138,622060000
2018-10-02,7.094929218292236,7.250458530825907,7.072639889324717,7.138764835612138,383964000
2018-10-03,7.1011199951171875,7.172693270054652,6.997103292825695,7.165263336901111,320552000
2018-10-04,6.916860580444336,7.0892308373922,6.839838514705464,7.06496038872082,391220000
2018-10-05,6.68332052230835,6.954259220783639,6.62586359267097,6.892096996813888,426636000
2018-10-08,6.582026481628418,6.71551443759899,6.441108593142441,6.6001055589481545,408612000
2018-10-09,6.576332092285156,6.656077879498464,6.508473538428222,6.561472223939249,273500000
2018-10-10,6.084727764129639,6.516149441361851,6.082498642697859,6.47033223344618,684940000
2018-10-11,5.8232011795043945,6.131041059295213,5.801654891488775,5.997552610324311,725436000
2018-10-12,6.10577917098999,6.180077085676831,5.935142481918509,6.080270631244149,608236000
2018-10-15,5.829392910003662,6.092406625842798,5.828402346595804,6.092406625842798,449760000
2018-10-16,6.088195323944092,6.099339987005121,5.8927926724875395,5.9420766181979765,408712000
2018-10-17,6.019594669342041,6.188498245039542,5.970558238792122,6.150358484141825,329668000
2018-10-18,5.9321699142456055,6.1273250388130425,5.871741306766248,6.088938234268209,524020000
2018-10-19,5.675596714019775,6.006964028245726,5.639191028881573,5.98739933813214,613608000
2018-10-22,5.72636604309082,5.827906101486831,5.623587898682398,5.727852124203009,368844000
2018-10-23,5.4747443199157715,5.552261437379989,5.367012428094867,5.459141414972745,626436000
2018-10-24,4.938563823699951,5.4829178213294165,4.924694992215334,5.436358037810588,884288000
2018-10-25,5.147339344024658,5.194642159526976,4.796654477924571,4.840985603952008,951720000
2018-10-26,4.910826206207275,5.0730424094284645,4.7827865641589655,4.91132125169537,664784000
2018-10-29,4.597042083740234,5.055458418159861,4.359041899960511,5.051991210550828,758016000
2018-10-30,5.027473449707031,5.037380028442786,4.597042712392315,4.620075082818437,807192000
2018-10-31,5.2213897705078125,5.264977860383043,5.052486217473549,5.192166028776889,745772000
2018-11-01,5.4016876220703125,5.411098685242413,5.131243907746147,5.257797506375899,566528000
2018-11-02,5.3226823806762695,5.498024833610456,5.2060349347782315,5.3922745284325195,452960000
2018-11-05,5.244669437408447,5.332836176667664,5.083938864720117,5.30955581546362,379332000
2018-11-06,5.227085590362549,5.320948181039368,5.189936401458456,5.236744171634127,299012000
2018-11-07,5.2946953773498535,5.384347707547333,5.230056534764851,5.293704814331265,483812000
2018-11-08,5.1015238761901855,5.236249946602723,5.048029201015198,5.235506905956611,511352000
2018-11-09,5.093598365783691,5.183993770495799,4.978932504644819,5.012614021861589,413240000
2018-11-12,4.6941237449646,5.024252881579511,4.672329466573099,5.002211080497882,617116000
2018-11-13,4.936086654663086,5.0574393896302965,4.785757701353562,4.791949548212664,644712000
2018-11-14,4.8835835456848145,5.123564874254562,4.775604583769926,5.109200524907613,526580000
2018-11-15,5.012365341186523,5.084434125552103,4.8417282002375694,4.877638831071296,840708000
2018-11-16,4.072253227233887,4.226544435945658,4.002413085887733,4.0447630894876525,1963520000
2018-11-19,3.583622455596924,4.007614005727063,3.581888851770885,4.006871437548716,1697820000
2018-11-20,3.6920971870422363,3.8203843515255467,3.30153936389139,3.320113725640667,1692032000
2018-11-21,3.5838701725006104,3.8461408270095885,3.5566277914460134,3.8293000694747925,1025496000
2018-11-23,3.591052532196045,3.7047278285543395,3.536320008340477,3.5491982770342383,411968000
2018-11-26,3.790417194366455,3.8008188163816756,3.62968662616641,3.712157034177006,814832000
2018-11-27,3.807258367538452,3.8884904623931336,3.7285029171076736,3.7644133165110176,738060000
2018-11-28,3.9642741680145264,3.9694749798310367,3.7923989105841724,3.9248963229057217,804524000
2018-11-29,3.9010581970214844,4.003691417729756,3.87081365671528,3.9665055230203015,549172000
2018-11-30,4.0515360832214355,4.06219588128502,3.8603999555622073,3.9107249927253704,729564000
2018-12-03,4.215403079986572,4.330431897986579,4.148468195214734,4.2788672880447995,890804000
2018-12-04,3.8948607444763184,4.1757387815732026,3.8797382374438167,4.170780536036875,812112000
2018-12-06,3.9241132736206055,3.929071282156686,3.7386791204973977,3.75429716655593,692308000
2018-12-07,3.659348964691162,3.938491875291798,3.6100157025727757,3.9283276146791746,681676000
2018-12-10,3.764709949493408,3.7895007063936825,3.6107598645430543,3.6144785490047493,629472000
2018-12-11,3.67372727394104,3.864615197045881,3.5946450229128954,3.856434282678215,671912000
2018-12-12,3.6913294792175293,3.787517127773194,3.590183585017902,3.67942987880975,654136000
2018-12-13,3.6910815238952637,3.8023916813656453,3.6551351881633685,3.738183912481818,471384000
2018-12-14,3.630592107772827,3.733225325873302,3.607040915630101,3.6494328250648613,471820000
2018-12-17,3.5594425201416016,3.6727357689675313,3.5014323310872175,3.6005951019784517,662868000
2018-12-18,3.6427395343780518,3.726779806904519,3.576052647688927,3.6033222877793443,564372000
2018-12-19,3.433753728866577,3.6625715674947257,3.3821891188746425,3.609023612340748,745364000
2018-12-20,3.349217653274536,3.5153150659468,3.2894721293313784,3.4253250062529412,749588000
2018-12-21,3.212125778198242,3.408715767879333,3.184608130322889,3.3757440972289046,863740000
2018-12-24,3.1503965854644775,3.2222894778505826,3.0864366008025543,3.1357700947550464,463840000
2018-12-26,3.2996366024017334,3.3006281568249354,3.0854452431294224,3.196507376880517,695100000
2018-12-27,3.251791000366211,3.281787772875762,3.1032949425553102,3.2473287682665144,637044000
2018-12-28,3.313271999359131,3.4059892136514067,3.2304712770709836,3.272367415530827,628728000
2018-12-31,3.3095524311065674,3.389130219274507,3.2788118837116556,3.3566545700727652,465140000
2019-01-02,3.376983165740967,3.433010007847513,3.224024907740163,3.2386513988649237,508752000
2019-01-03,3.172956705093384,3.350705749528964,3.1655195728587797,3.3167425225473055,705552000
2019-01-04,3.3762400150299072,3.41441746410469,3.2153485937451323,3.2460889111903297,585620000
2019-01-07,3.5549798011779785,3.591917917037865,3.3821888189513465,3.433505654011213,709160000
2019-01-08,3.466477870941162,3.638773115344162,3.393841183709454,3.6365417630672487,786016000
2019-01-09,3.534651756286621,3.5820019045412743,3.467221095734017,3.517793913831884,617260000
2019-01-10,3.6003470420837402,3.609023734169102,3.454825912595206,3.5153152232250697,523156000
2019-01-11,3.689594030380249,3.7124014395328406,3.550270452716727,3.578035870943104,874764000
2019-01-14,3.729506731033325,3.7547932623369165,3.613734349364408,3.637285542069819,730168000
2019-01-15,3.715376377105713,3.801647769092277,3.6970311995762875,3.7622305208363853,617012000
2019-01-16,3.6898415088653564,3.775617115928141,3.684387722957906,3.742645684392983,470104000
2019-01-17,3.7612383365631104,3.801151355406659,3.6295999182740655,3.6568697913674026,493436000
2019-01-18,3.8903980255126953,3.916428340056704,3.7595033779921327,3.811067993420753,651336000
2019-01-22,3.688105583190918,3.8718043740054275,3.65786104942463,3.860152783573428,661552000
2019-01-23,3.7009971141815186,3.832139758106404,3.6697610229184403,3.743389256295573,591020000
2019-01-24,3.912957191467285,3.9305583451684987,3.780822998564525,3.785533236384067,708972000
2019-01-25,3.970223903656006,3.9883210734512042,3.750826750296248,3.8534599692729863,1154572000
2019-01-28,3.421358823776245,3.511348896826582,3.2475764843949433,3.385164483654863,2511528000
2019-01-29,3.262450695037842,3.4235901208092536,3.2478242024071347,3.3752481748667558,1153932000
2019-01-30,3.405988931655884,3.4203674183114905,3.2589802124922285,3.338558257428193,974228000
2019-01-31,3.5636565685272217,3.599355124088106,3.380949330300744,3.402765179927424,842852000
2019-02-01,3.587952136993408,3.6390209782231056,3.5346524162744193,3.5822503437925555,625048000
2019-02-04,3.698270797729492,3.735456694006044,3.581754626882313,3.603818252368476,528592000
2019-02-05,3.7173588275909424,3.754048939727334,3.6764542547714907,3.71016946739173,542424000
2019-02-06,3.792970657348633,3.8574264238034544,3.7451247279340616,3.750578513726454,702464000
2019-02-07,3.6546387672424316,3.748843297496793,3.611751081428504,3.7466121817433264,637120000
2019-02-08,3.673232078552246,3.6838918804604934,3.573077745173492,3.5874562310822453,461604000
2019-02-11,3.630592107772827,3.683396048547904,3.5822501621722687,3.629104539625841,495180000
2019-02-12,3.7476041316986084,3.7632224164653842,3.6546391529236506,3.6690178762694337,591060000
2019-02-13,3.7899961471557617,3.8631286134530747,3.763470053813293,3.777104992539891,605372000
2019-02-14,3.830900192260742,3.859161620302548,3.745868137747768,3.789004063817399,827264000
2019-02-15,3.900562047958374,4.062444772501486,3.8777546414836745,4.039637602448917,1516748000
2019-02-19,3.883208751678467,3.9637785833052037,3.870813611202492,3.889902335586985,551892000
2019-02-20,3.9305591583251953,3.9977418264303024,3.9013064074232053,3.9124619872803987,540988000
2019-02-21,3.8616411685943604,3.9677450725094796,3.8470146748676446,3.9432025602930296,448548000
2019-02-22,3.9464240074157715,3.965264956834187,3.899817647420401,3.913452582355637,401740000
2019-02-25,3.9340298175811768,4.097400123693652,3.9253528882636495,4.029969689522631,656020000
2019-02-26,3.8946127891540527,3.985346650438618,3.86114534060757,3.9293197991010156,488464000
2019-02-27,3.8527162075042725,3.9067597070524536,3.7956975718020582,3.8802338527077245,500256000
2019-02-28,3.8281476497650146,3.868846352344253,3.8058132643241724,3.84651173023764,324944000
2019-03-01,3.882495880126953,3.9246832162652767,3.8197108091107466,3.8780288130854856,357188000
2019-03-04,3.8906846046447754,3.9437912191320272,3.8341035000517394,3.920960309383723,409992000
2019-03-05,3.884232997894287,3.922449791756113,3.820703376411174,3.875050838071082,362924000
2019-03-06,3.7733047008514404,3.8837367593047767,3.770574997278908,3.8752993861415765,403524000
2019-03-07,3.7040674686431885,3.7594077483750046,3.6579093495689143,3.7497292994835623,450104000
2019-03-08,3.7383131980895996,3.748984221273664,3.593386413370437,3.614728459738566,422416000
2019-03-11,3.998884916305542,4.021715599057162,3.7147391443889504,3.7618900848521633,859728000
2019-03-12,4.033130168914795,4.079536070908694,3.950491917364302,4.0266777127384925,579576000
2019-03-13,4.184508323669434,4.21379145284702,4.063157002925212,4.070602034749385,768900000
2019-03-14,4.1085710525512695,4.205602604685603,4.100877994521936,4.193690742360727,519384000
2019-03-15,4.2140398025512695,4.256723419501709,4.148276540430737,4.151750793825906,661484000
2019-03-18,4.192698001861572,4.299407760456572,4.165648050280749,4.245556356360159,486992000
2019-03-19,4.360456466674805,4.404877698902246,4.270373873198143,4.287248621196402,854972000
2019-03-20,4.327946662902832,4.4428455392717945,4.2932036509999785,4.389490655990729,719148000
2019-03-21,4.564693450927734,4.590998856980265,4.346062985080759,4.351026340687899,824312000
2019-03-22,4.404876708984375,4.586034905106406,4.390979693756557,4.537395351809043,747644000
2019-03-25,4.312561988830566,4.428453480305093,4.246302644297923,4.364179762448981,525212000
2019-03-26,4.389242172241211,4.51034499309972,4.332909092485514,4.454260412401879,703508000
2019-03-27,4.380060195922852,4.461209104969056,4.31057512314032,4.414803205645676,474372000
2019-03-28,4.398674488067627,4.464437310607178,4.345567610344844,4.406119050117075,480264000
2019-03-29,4.455997467041016,4.4803177144412265,4.415050976278866,4.465427651135416,456896000
2019-04-01,4.523499011993408,4.553774724450476,4.47610005369348,4.547818792273322,483824000
2019-04-02,4.541366100311279,4.585787326890967,4.504638406005335,4.547570531284838,440920000
2019-04-03,4.680832386016846,4.739895168747722,4.586034492108522,4.59099784662336,783504000
2019-04-04,4.671898365020752,4.7143339541762,4.609113307928134,4.665445909984478,457376000
2019-04-05,4.738655090332031,4.756026834788487,4.678600192062184,4.7150798614243,481744000
2019-04-08,4.759500980377197,4.784565310046856,4.684059492263796,4.708131245510641,424192000
2019-04-09,4.696715831756592,4.737166278663912,4.654528257804142,4.72599896575498,439972000
2019-04-10,4.767193794250488,4.79300267580595,4.691504750071763,4.695971580854121,444772000
2019-04-11,4.753296375274658,4.801191854240975,4.703912268394467,4.769675068980152,374600000
2019-04-12,4.71532678604126,4.795979638379357,4.706641152507191,4.792008860193128,471708000
2019-04-15,4.583553314208984,4.712597705664351,4.543847420427578,4.707634350608777,440092000
2019-04-16,4.670658111572266,4.689518481922181,4.5900057227494715,4.622763108445306,394964000
2019-04-17,4.647828102111816,4.72649534954194,4.625493474723939,4.705649823535029,351004000
2019-04-18,4.623259544372559,4.688526295440458,4.595465511369635,4.654528304832472,380988000
2019-04-22,4.67711067199707,4.692744814609717,4.568167725221055,4.599684036202599,279936000
2019-04-23,4.731706619262695,4.762975380866028,4.6805853819298555,4.6902635940141915,346856000
2019-04-24,4.744115352630615,4.784813830160502,4.681330272417644,4.742129726248216,318204000
2019-04-25,4.638396263122559,4.726245639996119,4.558736467595059,4.703911020565113,499296000
2019-04-26,4.419519901275635,4.489005476318613,4.300650204183358,4.484538171209958,868988000
2019-04-29,4.450291156768799,4.478085191279062,4.355244741377716,4.427460004612761,391920000
2019-04-30,4.491734027862549,4.517294409433283,4.398921267730033,4.418029665796931,362920000
2019-05-01,4.478580951690674,4.586283290364905,4.478332452616644,4.544095720899642,354280000
2019-05-02,4.546079635620117,4.587770668916559,4.445077806147348,4.488257940156219,394684000
2019-05-03,4.541615009307861,4.5644456890902845,4.480070532216394,4.554519450633652,336824000
2019-05-06,4.463194847106934,4.475354735160598,4.318019794360678,4.3552440090825275,422176000
2019-05-07,4.295935153961182,4.414804845724015,4.247791636601599,4.414804845724015,555220000
2019-05-08,4.316034317016602,4.396190645841569,4.256475483276503,4.26838734469083,419168000
2019-05-09,4.2234697341918945,4.2567236422367785,4.104600562047052,4.247045432034035,660248000
2019-05-10,4.189472198486328,4.258213200204973,4.069857989647031,4.192698426677271,569500000
2019-05-13,3.932128429412842,4.080529491649819,3.9162460232760625,4.057450314763761,656912000
2019-05-14,4.021218776702881,4.056457844049771,3.933121108335654,3.971834193262264,524880000
2019-05-15,3.9601705074310303,3.996650174053518,3.906319334322508,3.965629914136931,502320000
2019-05-16,3.9753077030181885,4.017991795753841,3.912274850177499,3.9547104438481218,781088000
2019-05-17,3.8844809532165527,4.062661426385714,3.8450233212653178,3.93336900724729,1022068000
2019-05-20,3.765859365463257,3.84080432009012,3.7410430644171724,3.78571231163381,572064000
2019-05-21,3.848001003265381,3.863883408153841,3.7879458742592704,3.826659191800054,361848000
2019-05-22,3.777026653289795,3.8353446527123523,3.766107367299259,3.809287749778588,325868000
2019-05-23,3.655924081802368,3.7147383773241556,3.596116973178139,3.7147383773241556,591844000
2019-05-24,3.6020724773406982,3.710022843642258,3.595371995524703,3.674783781003165,357584000
2019-05-28,3.5569074153900146,3.6524498804386654,3.554922025822232,3.6196924908980788,428356000
2019-05-29,3.4827072620391846,3.5442512666030295,3.447964480323731,3.5092604590891288,559800000
2019-05-30,3.456122875213623,3.521712423887185,3.417862226175406,3.4859362848892492,394300000
2019-05-31,3.365440845489502,3.4745083945267075,3.3637017354912766,3.4071797223828777,389720000
2019-06-03,3.3237013816833496,3.4153775710784777,3.294384827873718,3.3766200690654826,478644000
2019-06-04,3.5527687072753906,3.5579860371069967,3.3656892861228087,3.3878008606857044,641836000
2019-06-05,3.510035991668701,3.6320227028941674,3.47376299308284,3.6265568274442597,511616000
2019-06-06,3.5721471309661865,3.5967432137193844,3.511774906305069,3.514259416547438,408140000
2019-06-07,3.614880084991455,3.649165429517179,3.558979783449994,3.5781102299670082,348856000
2019-06-10,3.687673568725586,3.7562444749522297,3.6710276375043205,3.6710276375043205,402780000
2019-06-11,3.7453129291534424,3.78531268584867,3.7058102639903496,3.747548893304424,383872000
2019-06-12,3.632270574569702,3.7080464735024403,3.6171154421703386,3.701835198298818,358892000
2019-06-13,3.6834495067596436,3.7018343082960397,3.636741628814513,3.6543812670543665,308080000
2019-06-14,3.5935134887695312,3.614631353049393,3.548793486774963,3.590283814836257,394428000
2019-06-17,3.603203296661377,3.6402216988116702,3.5689177139941894,3.591774690126991,276040000
2019-06-18,3.798232078552246,3.853635278762845,3.6536369572868836,3.664568469860511,581920000
2019-06-19,3.8041951656341553,3.844940092005507,3.778108281375568,3.8335117237315703,331644000
2019-06-20,3.8285422325134277,3.908790057178576,3.814132501040221,3.8948771803167332,350168000
2019-06-21,3.7704060077667236,3.8628278373481844,3.7639464238964044,3.8136356763978863,434428000
2019-06-24,3.7927658557891846,3.82233095419807,3.744567407477911,3.791772146628921,282948000
2019-06-25,3.7634499073028564,3.8727659883014587,3.7607170882054692,3.7977354851308696,311868000
2019-06-26,3.956739902496338,4.017857757481719,3.8779828798004345,3.8909020472428284,584072000
2019-06-27,4.05537223815918,4.074502441054017,4.00642839357178,4.042453072404363,445440000
2019-06-28,4.08021879196167,4.1085416465082805,4.033511126094059,4.099349003911789,397668000
2019-07-01,4.128415584564209,4.321705992505331,4.090900102637731,4.287420420704294,709756000
2019-07-02,4.030528545379639,4.13288818594991,4.017361067786199,4.111770086156782,400228000
2019-07-03,4.043447494506836,4.059596573016038,3.9835723656335356,4.053882152471348,246636000
2019-07-05,3.980839729309082,3.9895352780116817,3.917485904336583,3.9850633492320395,396552000
2019-07-08,3.905808925628662,3.9400945021535914,3.8757472058921416,3.9212126041796265,329788000
2019-07-09,3.9082939624786377,3.936368267434606,3.8509030973287963,3.863573721657893,342860000
2019-07-10,3.9766156673431396,4.034006282400722,3.937858165774775,3.951771042152371,452076000
2019-07-11,4.131149768829346,4.1718947004786635,4.012392720103022,4.049659431658763,682560000
2019-07-12,4.164192199707031,4.235247865334786,4.158974870393597,4.158974870393597,506392000
2019-07-15,4.155744552612305,4.201458493777884,4.127422181326354,4.185309889697396,289840000
2019-07-16,4.151025772094727,4.17810613482863,4.095373771467706,4.140839419752032,341444000
2019-07-17,4.216365814208984,4.223322253041952,4.123447125372222,4.152763681560259,348204000
2019-07-18,4.2280426025390625,4.290899336423999,4.170154889058343,4.226800584373942,442192000
2019-07-19,4.184812545776367,4.272762203601938,4.1788498169516,4.266302857133655,344896000
2019-07-22,4.2563652992248535,4.26928446749446,4.198725896647237,4.206179426989189,315940000
2019-07-23,4.364190578460693,4.366177997005154,4.279967438837135,4.295619899958281,428176000
2019-07-24,4.438723087310791,4.444437506808353,4.33139492570188,4.407419119153484,366236000
2019-07-25,4.307545185089111,4.409904829207143,4.284191357013776,4.397233968892098,392700000
2019-07-26,4.349533557891846,4.396241224292371,4.3346269667553345,4.3346269667553345,274160000
2019-07-29,4.343320846557617,4.359469923833802,4.255122878283953,4.342327137380465,248160000
2019-07-30,4.358973026275635,4.371146793513117,4.282451729768207,4.296861698157642,197772000
2019-07-31,4.191769123077393,4.3284143252014635,4.149533402256762,4.327420142137795,359416000
2019-08-01,4.097361087799072,4.292638969549373,4.045187314937343,4.202204777428455,421212000
2019-08-02,4.004690647125244,4.074007209948894,3.9572378238767767,4.004690647125244,428348000
2019-08-05,3.746307373046875,3.822331585896889,3.6993511718936496,3.8210893307733085,589156000
2019-08-06,3.785064220428467,3.866554299337405,3.7373628610752765,3.821088904182659,361272000
2019-08-07,3.8233256340026855,3.8352510946970146,3.7068047941557003,3.724195893554964,372560000
2019-08-08,3.9318954944610596,3.9331377494324142,3.8235733724795593,3.880964225315059,309300000
2019-08-09,3.8305301666259766,3.8943806090826705,3.7800957473959875,3.8909023896141144,341816000
2019-08-12,3.762705087661743,3.8305306121227263,3.74084182207671,3.778357077090595,279200000
2019-08-13,3.8769891262054443,3.9229516149101764,3.7222078919153594,3.7612137050136867,351956000
2019-08-14,3.728419065475464,3.799971347162587,3.684692776415969,3.7887912883404784,419880000
2019-08-15,3.6961216926574707,3.7671771302438626,3.661836347600855,3.747301519818237,477200000
2019-08-16,3.964193344116211,4.013385265899939,3.8976098530353194,3.958976015488605,1007960000
2019-08-19,4.24294900894165,4.258849778782694,4.061335727920661,4.077484806609766,815112000
2019-08-20,4.170651912689209,4.237980574292115,4.149533813251325,4.2374834827110455,463188000
2019-08-21,4.254129409790039,4.309284306296547,4.215123593272236,4.236738311589228,427244000
2019-08-22,4.260339260101318,4.306301497965191,4.221084676160545,4.263817478384295,303488000
2019-08-23,4.0357465744018555,4.238229689306233,4.015870963200146,4.183820185871356,568056000
2019-08-26,4.110527515411377,4.1386020504512615,4.072267105940194,4.114502825976818,318208000
2019-08-27,4.019845008850098,4.151520713885262,3.9905284560210776,4.14878789520998,290968000
2019-08-28,4.009400844573975,4.0621233705928095,3.954191348776583,3.993484807200395,255612000
2019-08-29,4.153144836425781,4.185474496222902,4.097437754596568,4.1009194175645804,357976000
2019-08-30,4.165826797485352,4.249138608999759,4.147672348467827,4.199400171587495,290616000
2019-09-03,4.082764148712158,4.126036372481835,4.0598847893046806,4.092960580893258,296140000
2019-09-04,4.196913719177246,4.204374628010244,4.143445058393143,4.143445058393143,227728000
2019-09-05,4.46997594833374,4.47619313358805,4.297384191418177,4.299125022263017,695676000
2019-09-06,4.442870140075684,4.503550689927982,4.40482040048442,4.446600357889408,376976000
2019-09-09,4.488877296447754,4.575422227704875,4.472463676193276,4.473955952854855,417524000
2019-09-10,4.555527210235596,4.582136790985411,4.446351465394073,4.456050315577529,352812000
2019-09-11,4.584125995635986,4.6323721593145075,4.541102325489207,4.570199346218008,361512000
2019-09-12,4.582634449005127,4.68534397916281,4.574676430118892,4.630632065686321,327840000
2019-09-13,4.524688720703125,4.553039603252605,4.480918912152651,4.515984564789809,324592000
2019-09-16,4.481664657592773,4.516232723573079,4.439138574666537,4.449583560846985,231832000
2019-09-17,4.503053188323975,4.50728098950377,4.441875060065912,4.488380398702678,223048000
2019-09-18,4.475945472717285,4.511757267620517,4.389401013212603,4.496089785228219,258152000
2019-09-19,4.40034294128418,4.5003169278343025,4.389648925575745,4.481913449393147,245476000
2019-09-20,4.29464864730835,4.422973508537355,4.2844526900975195,4.399348012338248,350244000
2019-09-23,4.348117351531982,4.393627987782096,4.2911670361485745,4.294897727212279,249712000
2019-09-24,4.290671348571777,4.409048373497199,4.255108577586994,4.379454235851104,317268000
2019-09-25,4.4324235916137695,4.4520703155812695,4.2454075935199835,4.290172088902802,308432000
2019-09-26,4.410290241241455,4.431429243188591,4.3593085562806975,4.42272508778121,234564000
2019-09-27,4.27152156829834,4.419244154293702,4.210840550728801,4.368511015596242,362056000
2019-09-30,4.3289690017700195,4.339165435307629,4.266050043517498,4.297385482479538,186184000
2019-10-01,4.32722806930542,4.501312150703961,4.322503158992095,4.35209729155392,366008000
2019-10-02,4.303353309631348,4.317279957967904,4.230984069733126,4.305342695296318,293372000
2019-10-03,4.509021282196045,4.515238468714952,4.277489784056341,4.307830052714989,450588000
2019-10-04,4.525434494018555,4.554780067114275,4.4461019299427615,4.511258816716554,265524000
2019-10-07,4.584125995635986,4.6838509563644015,4.581639026191215,4.590343182077452,480984000
2019-10-08,4.407555103302002,4.492358724464063,4.389400652670867,4.492358724464063,444436000
2019-10-09,4.494099140167236,4.543589022774172,4.455552301934541,4.484400291952235,292412000
2019-10-10,4.5517964363098145,4.6027781304495905,4.486639536337521,4.491862030522236,309124000
2019-10-11,4.625409126281738,4.708720473400981,4.616953524504496,4.635854114003878,446404000
2019-10-14,4.638838291168213,4.659728267054926,4.585618184116955,4.616704593283885,200040000
2019-10-15,4.883550643920898,4.956168929382708,4.71518662925876,4.7291137551197995,664124000
2019-10-16,4.829831600189209,4.954426227123857,4.818391922808996,4.84947832231099,428944000
2019-10-17,4.831823348999023,4.919362505869722,4.777359515589503,4.874349442507678,263436000
2019-10-18,4.737319469451904,4.8648981994758875,4.662960840376876,4.832319517383728,307440000
2019-10-21,4.874598026275635,4.888027568695864,4.779846513962463,4.798747105488193,261868000
2019-10-22,4.864649295806885,5.036743484469877,4.856939833618063,4.931547011974731,328720000
2019-10-23,4.851718425750732,4.865893631533016,4.750749730863077,4.7825822795460935,279916000
2019-10-24,4.895735263824463,4.9293081590608745,4.858928787152766,4.892999265919413,232020000
2019-10-25,5.08673095703125,5.107620931006642,4.968602518136838,4.976311981057411,423092000
2019-10-28,5.14268684387207,5.195160336109903,5.10115497411625,5.130500550761334,330792000
2019-10-29,5.046442985534668,5.13522585233698,5.027045287413625,5.12875963673601,211236000
2019-10-30,5.048431396484375,5.079020688675397,4.980289962888959,5.073300612466931,205960000
2019-10-31,4.999192237854004,5.048433102920363,4.919362544598043,5.027543125196636,209732000
2019-11-01,5.038235187530518,5.070564834648581,4.938758328587022,4.963876097911417,283640000
2019-11-04,5.234951972961426,5.247386823273169,5.096182553606049,5.11931047393792,376716000
2019-11-05,5.2128190994262695,5.260816249296738,5.1648214752147314,5.234703773382151,300868000
2019-11-06,5.163577079772949,5.214309743320998,5.0760374547211295,5.1886948568814235,269012000
2019-11-07,5.181232929229736,5.2647932915001965,5.1364684325012435,5.250120505321007,280340000
2019-11-08,5.167307376861572,5.198891370489453,5.126770671726105,5.1643232978060345,189100000
2019-11-11,5.177255153656006,5.200383070318119,5.0802652339781655,5.166561136650646,243436000
2019-11-12,5.2128190994262695,5.2687747437725765,5.180488960763483,5.215554624378121,283504000
2019-11-13,5.186953544616699,5.2090867663225735,5.120552930817236,5.1814820220951665,300188000
2019-11-14,5.217293739318848,5.219532154092562,5.135971784320938,5.195906181842262,518080000
2019-11-15,5.078026294708252,5.2667826542626015,4.989740549058636,5.215054833764426,1053628000
2019-11-18,5.2792181968688965,5.3058277744765405,5.067581977545123,5.070566056348818,574588000
2019-11-19,5.172529697418213,5.271757556385431,5.114336125889442,5.248132056380267,414564000
2019-11-20,5.2518630027771,5.3356719462574835,5.136967646075839,5.149651050664356,472588000
2019-11-21,5.226994037628174,5.30309352026686,5.205357919512097,5.247386907863553,288388000
2019-11-22,5.244650840759277,5.296129646099661,5.221024864399534,5.249624306108858,224100000
2019-11-25,5.501299858093262,5.506273797518019,5.359794459543421,5.372726417443207,506476000
2019-11-26,5.396600723266602,5.488367672442759,5.390134507414551,5.483642287883037,385244000
2019-11-27,5.431442737579346,5.476489009402694,5.405062263056597,5.4421446449121875,215784000
2019-11-29,5.394111156463623,5.428953468775326,5.370219013912225,5.40058214285917,141556000
2019-12-02,5.207703590393066,5.4005818879335274,5.192522501327096,5.387142439710027,372036000
2019-12-03,5.1681342124938965,5.172115920627536,4.986704462979626,5.024035587533009,465232000
2019-12-04,5.211934566497803,5.274153250327025,5.183314028899267,5.251754486173234,273424000
2019-12-05,5.195011138916016,5.249514669435165,5.164399274362946,5.233835630138119,184884000
2019-12-06,5.2803754806518555,5.313227415652003,5.254243745108369,5.264198963234036,232236000
2019-12-09,5.2803754806518555,5.335128230961175,5.248768659953807,5.257479238468303,211880000
2019-12-10,5.3254218101501465,5.377187801107265,5.257727566372665,5.310488984126515,256388000
2019-12-11,5.409043312072754,5.414518871445258,5.3333856545549585,5.33587445887139,233796000
2019-12-12,5.576536178588867,5.594704023157455,5.371214803568274,5.380174119493013,404348000
2019-12-13,5.5745463371276855,5.6987349912449154,5.520540269672708,5.579523946741145,454704000
2019-12-16,5.603414535522461,5.675837174921617,5.593957268960997,5.62208033062008,320976000
2019-12-17,5.68156099319458,5.704208493550736,5.612622590727095,5.622079856490995,321196000
2019-12-18,5.711925506591797,5.772402089725288,5.707943323769652,5.716405165584833,343548000
2019-12-19,5.860004425048828,5.873443873474794,5.741540092305379,5.746517700958766,445360000
2019-12-20,5.957314968109131,5.982700014163713,5.907291090118144,5.926454362351506,603044000
2019-12-23,5.943627834320068,6.018041344705996,5.932926400438514,5.985936568370332,355060000
2019-12-24,5.938650131225586,5.95582255253584,5.893852592971181,5.92819743559169,138864000
2019-12-26,5.952836513519287,5.980959107765898,5.923220066661542,5.942134604679745,182852000
2019-12-27,5.895096778869629,5.981456354930958,5.868715829045477,5.968016904612984,254644000
2019-12-30,5.781858921051025,5.878422456289142,5.750500835781686,5.873196108744252,258056000
2019-12-31,5.85602331161499,5.865480579138932,5.7273550104938185,5.746518283592325,231004000
2020-01-02,5.970754623413086,5.970754623413086,5.891363982921088,5.941885342751538,237536000
2020-01-03,5.875187397003174,5.918989509206405,5.826158936868676,5.851046511408945,205384000
2020-01-06,5.899825572967529,5.905051920734205,5.755727427577195,5.781859166410573,262636000
2020-01-07,5.97125244140625,6.017045403475826,5.883150748902034,5.928197022093987,314856000
2020-01-08,5.982451915740967,6.023765219861093,5.926952946804154,5.967021611212417,277108000
2020-01-09,6.048154830932617,6.1205774820472,5.994397977935121,6.068811482955992,255112000
2020-01-10,6.080509185791016,6.1857833144054,6.06632351903336,6.155420652016834,316296000
2020-01-13,6.27114725112915,6.296283564365258,6.140985551163511,6.163633534107025,319840000
2020-01-14,6.154175281524658,6.2537250915044345,6.140984569750498,6.228339569543208,359088000
2020-01-15,6.111617565155029,6.189266562204564,6.085734566138518,6.166867794798315,263104000
2020-01-16,6.195240020751953,6.201213057446798,6.141731903266754,6.165126099200316,284192000
2020-01-17,6.203949928283691,6.221869036427009,6.156414852642917,6.21440262269456,253792000
2020-01-21,6.170599937438965,6.20419808146063,6.136503842710471,6.167364444571707,217916000
2020-01-22,6.224607944488525,6.3112162741432725,6.196982824716818,6.2158973639020445,239240000
2020-01-23,6.2930474281311035,6.301509269273523,6.175827715920401,6.264676098533878,244516000
2020-01-24,6.233815670013428,6.458300831398263,6.179560864595715,6.4085256847471355,373512000
2020-01-27,5.977972507476807,6.028991819907899,5.779619081655654,5.929192787115326,470536000
2020-01-28,6.171348571777344,6.203702086577362,5.990665035935244,6.043924417268524,310976000
2020-01-29,6.110872268676758,6.193000936603062,6.071051862548192,6.156913975396846,258848000
2020-01-30,6.117588996887207,6.131028443682364,5.9580605988384985,6.013061601304397,290504000
2020-01-31,5.884145736694336,6.083743301311046,5.842334960195534,6.071797229542552,370420000
2020-02-03,5.981206893920898,6.0006189034883555,5.859755803690975,5.86597757728614,255564000
2020-02-04,6.150442123413086,6.169605872146606,6.073042338363258,6.123066221076983,271544000
2020-02-05,6.24078369140625,6.281599042941354,6.15741039787647,6.2713950863848416,208220000
2020-02-06,6.327639579772949,6.327639579772949,6.193994166241866,6.275127378302254,218284000
2020-02-07,6.261439800262451,6.309721561491752,6.23605428009747,6.287571534528546,189752000
2020-02-10,6.544661521911621,6.545407736256812,6.279111748292455,6.284089358740084,529608000
2020-02-11,6.667106628417969,6.78183801655105,6.590951003561365,6.652920962882322,638556000
2020-02-12,6.782833576202393,6.789304563900281,6.681043686530385,6.719868188644713,374644000
2020-02-13,6.7390313148498535,6.806227621791376,6.6974692706660415,6.724845649351327,528016000
2020-02-14,7.212141990661621,7.341059034322316,7.117818524879411,7.149176609223402,1041924000
2020-02-18,7.380878448486328,7.399295506798921,7.089446230395402,7.108858240876231,620164000
2020-02-19,7.832087516784668,7.8497578844964195,7.503324213862559,7.503324213862559,694332000
2020-02-20,7.682764530181885,7.872406892694111,7.375404030472952,7.784056461298665,810052000
2020-02-21,7.318660736083984,7.5956585896152315,7.23379453271584,7.5705222779789745,768180000
2020-02-24,6.801249027252197,7.015032728613473,6.669843188096239,6.724346724805658,856916000
2020-02-25,6.521763324737549,6.938379636288666,6.41997344513621,6.876409681886865,1055496000
2020-02-26,6.661133289337158,6.8552557873010365,6.520519381374337,6.522012284469121,747732000
2020-02-27,6.290334701538086,6.648928733507221,6.197946895647363,6.347610001963968,906416000
2020-02-28,6.7253804206848145,6.784897141438854,6.021141893667339,6.037826334431292,1133252000
2020-03-02,6.88375997543335,6.912646997105689,6.499516704618739,6.89546430619151,890744000
2020-03-03,6.6212873458862305,6.999305007399189,6.535872165639812,6.9395394123948435,652792000
2020-03-04,7.084970951080322,7.094433875085668,6.653910847652948,6.728618217428023,597408000
2020-03-05,6.80556583404541,7.052348018857373,6.760990398482024,6.885502193942005,540328000
2020-03-06,6.625024795532227,6.683545501636067,6.424809580590504,6.626020817874118,515412000
2020-03-09,6.112036228179932,6.459673198416253,5.931245111708743,5.9740769221666445,614160000
2020-03-10,6.501508712768555,6.501508712768555,6.125732346102121,6.38845186990878,580648000
2020-03-11,6.137686252593994,6.389947352624878,6.040567173005976,6.361558574367237,499964000
2020-03-12,5.386630058288574,5.879945599168345,5.373929705464922,5.614486423807878,816540000
2020-03-13,5.9974846839904785,6.001967021688667,5.468807747955837,5.739994165932216,634836000
2020-03-16,4.890822410583496,5.630422664203219,4.831056815084634,5.289509075643318,726972000
2020-03-17,5.41053581237793,5.4999355774252425,4.756351060498618,5.003133264971401,833632000
2020-03-18,5.050695896148682,5.228000649705168,4.499358017592098,4.982961645343882,874268000
2020-03-19,5.303455829620361,5.397088566428177,4.815867575219832,5.029280412841666,765512000
2020-03-20,5.123661518096924,5.735512301243073,5.108221984216086,5.453617551932971,804636000
2020-03-23,5.296483516693115,5.390863877993336,4.943617068293397,5.122665029285088,643876000
2020-03-24,6.205170154571533,6.291830739752973,5.678983523079029,5.702640595125703,1101644000
2020-03-25,6.116518497467041,6.51993651399452,6.067709603569407,6.320219550387866,793432000
2020-03-26,6.405882835388184,6.529896377452188,6.2255895307888425,6.323704597605976,696108000
2020-03-27,6.293575763702393,6.55231126198092,6.192721000380836,6.225592119170456,638828000
2020-03-30,6.613818168640137,6.623032205750341,6.314989641822439,6.35906683290393,602252000
2020-03-31,6.564262866973877,6.858110818678455,6.4185838002500555,6.653911048444438,949960000
2020-04-01,6.053016662597656,6.512714411716045,6.008441698800573,6.366288693106729,656912000
2020-04-02,6.361806869506836,6.375004996448508,6.034091777591289,6.082153060595825,675764000
2020-04-03,6.073935508728027,6.365790946733612,5.936474454401283,6.324204046373109,663212000
2020-04-06,6.6837944984436035,6.72065017554929,6.29855470911675,6.35607939382513,727884000
2020-04-07,6.450458526611328,6.9290821244683904,6.40737735857138,6.9054245775815115,784520000
2020-04-08,6.6476850509643555,6.672587506427425,6.489555004994916,6.559530672108475,542444000
2020-04-09,6.548076152801514,6.796352639085369,6.485073111903276,6.7734427014723,525564000
2020-04-13,6.719902515411377,6.728618304084489,6.399907202770345,6.488310473583268,398408000
2020-04-14,7.0710248947143555,7.1051409096792435,6.820507036012327,6.848148669477411,530948000
2020-04-15,6.99357795715332,7.07650285284704,6.857611203618255,6.902933296471685,366148000
2020-04-16,7.338725566864014,7.445805794447285,7.135771668046719,7.148969793895517,745620000
2020-04-17,7.279458999633789,7.442320290044021,7.145484257149034,7.420904147198899,539120000
2020-04-20,7.148223400115967,7.308843758155547,7.1038973186254335,7.152955099952114,449388000
2020-04-21,6.7114362716674805,7.091446120002381,6.65167065420219,7.030186706457266,735160000
2020-04-22,7.125810146331787,7.168642425254875,6.858110065474341,6.903681049184301,483356000
2020-04-23,7.072519302368164,7.29987788446425,7.047367959603796,7.167895675399219,424160000
2020-04-24,7.211474418640137,7.213466463069181,6.987602158038459,7.062309523825545,352328000
2020-04-27,7.3979926109313965,7.557865799784285,7.321293207173287,7.345946773549917,479388000
2020-04-28,7.255550861358643,7.575297233095539,7.250072502254898,7.545414194859707,442904000
2020-04-29,7.432358741760254,7.485151719845998,7.315068455671368,7.390273596385241,379160000
2020-04-30,7.278463363647461,7.432359986140536,7.264518100117333,7.378321614986375,375916000
2020-05-01,7.041891098022461,7.194293457884196,6.9935804466989815,7.080987710441739,342096000
2020-05-04,7.253809452056885,7.267505828091796,6.994575754670369,6.994575754670369,317556000
2020-05-05,7.314819812774658,7.477432203170718,7.253808818035892,7.357900981818073,368896000
2020-05-06,7.415673732757568,7.520513027172209,7.356406373420387,7.39425806760454,323464000
2020-05-07,7.591982364654541,7.655234286800449,7.503579100729449,7.554877806490733,373732000
2020-05-08,7.78198766708374,7.788213162222441,7.629834229017725,7.663701359549101,339216000
2020-05-11,8.034000396728516,8.080816769532566,7.748369985297888,7.777007644992657,469060000
2020-05-12,7.772026062011719,8.140580863403843,7.762314252138268,8.091772452263047,493060000
2020-05-13,7.749615669250488,8.046949472924325,7.565088875981364,7.886578477433536,625852000
2020-05-14,7.9991374015808105,8.004615761813872,7.657476573048919,7.811124296159044,602312000
2020-05-15,8.457590103149414,8.467301439832687,7.843248550692167,7.858936971441873,987660000
2020-05-18,8.716075897216797,8.88167683840197,8.646598471953777,8.726285957195563,774460000
2020-05-19,8.771109580993652,9.05200780138796,8.728526186700774,8.755918935665225,717320000
2020-05-20,8.934966087341309,9.007680925239711,8.854033235926078,8.955883976329927,587536000
2020-05-21,8.740978240966797,9.017144765603891,8.703375432354866,9.016149218326575,761068000
2020-05-22,8.990999221801758,9.057489064070714,8.67922186989456,8.79078398433552,1038764000
2020-05-26,8.683703422546387,9.145892022825116,8.638132428316577,9.12098908749337,770780000
2020-05-27,8.491954803466797,8.599034084910985,7.965518321925909,8.591314793554313,1175892000
2020-05-28,8.453853607177734,8.726284915463808,8.34652354679556,8.379394654282432,734896000
2020-05-29,8.840836524963379,8.840836524963379,8.451861551510003,8.521090089361191,745256000
2020-06-01,8.771856307983398,8.806221687857695,8.655562517360025,8.798751283519696,389876000
2020-06-02,8.79078197479248,8.802735191457245,8.624185501823682,8.761895905306496,391320000
2020-06-03,8.735252380371094,8.831624802406887,8.666023828096275,8.787796961741876,365440000
2020-06-04,8.736248970031738,8.912388271948576,8.64755539239078,8.697881042993215,424280000
2020-06-05,8.8892183303833,8.965952278985723,8.677950020915608,8.764151688071133,481748000
2020-06-08,8.774614334106445,8.859071087161745,8.655775568185915,8.846614414617736,387736000
2020-06-09,9.014782905578613,9.078313178349852,8.721050788735848,8.769632482507,468488000
2020-06-10,9.334426879882812,9.467217295005197,9.121912605675263,9.136114184321398,632180000
2020-06-11,8.76589584350586,9.229290402084363,8.755681123434155,9.118424384663026,583652000
2020-06-12,8.901677131652832,9.155548334509506,8.673218234245608,9.130883980905251,570908000
2020-06-15,9.142093658447266,9.150564425960592,8.713577174373565,8.784831221668995,400004000
2020-06-16,9.037203788757324,9.23477038751409,8.808246985074005,9.193164514152052,535716000
2020-06-17,9.20412540435791,9.266907709322622,9.038946927708247,9.082297700621664,408304000
2020-06-18,9.18619155883789,9.250468842136558,9.083048344699264,9.195160327375284,254408000
2020-06-19,9.229290008544922,9.412406059960434,9.195407893756292,9.21060547299909,524160000
2020-06-22,9.493873596191406,9.49835845482481,9.241248418658067,9.267906669276206,398468000
2020-06-23,9.417387008666992,9.609222787872556,9.375034136179282,9.518038281301482,375108000
2020-06-24,9.203630447387695,9.523522838602178,9.112943915397793,9.443549028011027,449372000
2020-06-25,9.45725154876709,9.472200128697818,9.15056378762105,9.323465132248014,376072000
2020-06-26,9.123406410217285,9.46721610323142,9.093510204419653,9.46721610323142,592084000
2020-06-29,9.168251991271973,9.17273685020403,8.869287056151329,9.13810678244257,342248000
2020-06-30,9.464973449707031,9.493374700558492,9.23452168587974,9.2818574207599,367892000
2020-07-01,9.497110366821289,9.542703093000721,9.380514522786697,9.487892601594718,326648000
2020-07-02,9.579080581665039,9.703898234807523,9.545197512773237,9.605737885584766,364056000
2020-07-06,9.805294036865234,9.874554159667008,9.678981462887307,9.708130664633469,315892000
2020-07-07,9.837681770324707,10.035247413067934,9.816754334047982,9.911924749184905,357800000
2020-07-08,10.180746078491211,10.189715796668938,9.9311107813618,9.959263037333473,365480000
2020-07-09,10.472735404968262,10.533524777131117,10.198185802877653,10.344429847075826,494548000
2020-07-10,10.443085670471191,10.618477930540756,10.342932393289248,10.552207713445835,497676000
2020-07-13,10.017559051513672,10.75500504348542,9.990402803817826,10.558436349316613,457076000
2020-07-14,10.341188430786133,10.366849726213491,9.751729438645214,10.040230598743554,542676000
2020-07-15,10.191957473754883,10.396996976392158,10.021049087895884,10.378312439988601,403984000
2020-07-16,10.099778175354004,10.171529274896972,9.861353577760145,9.980441376324745,344964000
2020-07-17,10.166296005249023,10.2131337464676,10.052939034613193,10.190213351910279,266284000
2020-07-20,10.474477767944336,10.49490720598803,10.121699312228516,10.23879412998473,284852000
2020-07-21,10.292858123779297,10.523559885167359,10.25125224063376,10.476721191189911,277036000
2020-07-22,10.402728080749512,10.565912705823115,10.255986038250564,10.331723989267228,367292000
2020-07-23,10.094793319702148,10.510603105060774,9.996632984171347,10.413937722405896,411660000
2020-07-24,10.159318923950195,10.328981333279204,9.743260165513863,9.840921543413533,473292000
2020-07-27,10.38553524017334,10.405714725652683,10.182487780384779,10.196938356220194,292132000
2020-07-28,10.180248260498047,10.346173794016433,10.174020398209997,10.338450978671904,271636000
2020-07-29,10.429383277893066,10.479957918378492,10.31129246650235,10.354891294507025,284508000
2020-07-30,10.577370643615723,10.586339409099345,10.259720292587549,10.339195130438815,308880000
2020-07-31,10.578117370605469,10.729344229172773,10.396994311073172,10.526794782802703,386080000
2020-08-03,10.972254753112793,11.06044937073828,10.678272694361175,10.695463227056676,412720000
2020-08-04,11.189002990722656,11.189002990722656,10.868363657948816,11.011866768848385,310336000
2020-08-05,11.247798919677734,11.332505620084278,11.127715156632394,11.205197044278888,249924000
2020-08-06,11.296380996704102,11.31880338730458,11.14017221407124,11.310581622328327,244316000
2020-08-07,11.160852432250977,11.465049231458748,10.999411764399314,11.273462404012015,342516000
2020-08-10,11.126472473144531,11.368882974703345,10.819036736875272,11.295138922348446,427796000
2020-08-11,10.812557220458984,11.098317491574115,10.758493721569288,11.035534226796273,354512000
2020-08-12,11.400772094726562,11.427429397401577,10.920435042632398,10.952823156927446,464412000
2020-08-13,11.40351390838623,11.681302454359669,11.316565221994868,11.506158178414282,374460000
2020-08-14,11.524092674255371,11.664356876470226,11.401019002979302,11.490209613163513,366436000
2020-08-17,12.294425964355469,12.36692500157999,11.7764699343852,11.810352048276599,621300000
2020-08-18,12.218439102172852,12.452877747550117,12.044541772145244,12.407036010306534,503448000
2020-08-19,12.096611976623535,12.272502269183928,12.05625109770303,12.254066733502945,622624000
2020-08-20,12.099102020263672,12.332294707284191,11.837757080597434,11.933675460535376,921388000
2020-08-21,12.639730453491211,12.764548088001417,12.153164638813207,12.159642451084375,999868000
2020-08-24,12.676352500915527,12.867939296377706,12.464336268553247,12.83928809456214,490564000
2020-08-25,12.706000328063965,12.71721104864007,12.53035810263913,12.5871615578878,289076000
2020-08-26,12.728920936584473,12.82409136442748,12.633999509151844,12.755080235422875,321244000
2020-08-27,12.584673881530762,12.805658948401529,12.523136551386164,12.737394804005758,317604000
2020-08-28,13.102376937866211,13.10262593825955,12.59887058142453,12.631258689838903,537160000
2020-08-31,13.328347206115723,13.52815485178674,12.99275924123955,13.137258377321622,500840000
2020-09-01,13.777425765991211,13.949630647103293,13.39413750128578,13.437500302872197,511316000
2020-09-02,14.301267623901367,14.680318719031057,13.856174608412418,14.65739052033488,874012000
2020-09-03,12.974465370178223,13.840725107880663,12.838146289033148,13.785150980513366,945128000
2020-09-04,12.582704544067383,13.133462408954491,11.667847643821455,12.743445322871539,1463684000
2020-09-08,11.875442504882812,12.510434346099357,11.667350850169926,11.69750507921574,795728000
2020-09-09,12.674912452697754,12.76886502863657,12.193185421465744,12.360905048543636,736200000
2020-09-10,12.27293586730957,13.024060336153877,12.128641619060451,12.948299724016278,698684000
2020-09-11,12.126147270202637,12.612608590860168,11.858244411196186,12.446135301009607,636928000
2020-09-14,12.831665992736816,13.273020068340417,12.59142659294428,13.039758568536314,1201744000
2020-09-15,12.950043678283691,13.256823189308754,12.787308384101589,13.238132111969612,727556000
2020-09-16,12.475044250488281,13.051471089335553,12.47429702575866,12.916398336111536,556384000
2020-09-17,12.424205780029297,12.55005801210448,11.99680748160983,12.093999936822648,792512000
2020-09-18,12.150819778442383,12.592672005177674,11.950952377889003,12.554044480221386,698460000
2020-09-21,12.477785110473633,12.48301853522082,11.866966963073288,11.887402512276836,721044000
2020-09-22,12.597908020019531,12.608125797229098,12.11717909459638,12.535355981981281,646452000
2020-09-23,12.085524559020996,12.686873063926846,12.04116546463947,12.535850031127522,647012000
2020-09-24,12.30906867980957,12.52987072793665,11.976122083308846,12.034188858042343,731240000
2020-09-25,12.83316421508789,12.842883842495416,12.207144727021351,12.408258496393605,588016000
2020-09-28,12.993903160095215,13.010600685407562,12.709801858885758,12.99913658510344,573808000
2020-09-29,13.184052467346191,13.400368327891107,12.89247510346008,12.896711278367409,621460000
2020-09-30,13.48784065246582,13.579550597046405,13.108789549903188,13.11601652435821,689184000
2020-10-01,13.571575164794922,13.719357377715982,13.418309501756923,13.714623053585889,525004000
2020-10-02,13.02106761932373,13.476875649121473,13.00985259385237,13.183304746291645,552496000
2020-10-05,13.599489212036133,13.601233687205514,13.181062344978049,13.194270921546652,479820000
2020-10-06,13.693193435668945,14.097415447530537,13.62191902493489,13.786398799962601,784420000
2020-10-07,13.919974327087402,14.074735405554517,13.819791075017143,13.955612003069618,418084000
2020-10-08,13.79511833190918,14.040093944013766,13.714623411586466,14.030623394171375,378900000
2020-10-09,13.719359397888184,13.780666052397772,13.617681691548734,13.723596523541781,346892000
2020-10-12,14.181148529052734,14.301767332906016,13.868637469979598,13.945394372067542,434744000
2020-10-13,14.203328132629395,14.303262307853934,13.974551882634765,14.251426207794067,344604000
2020-10-14,14.050812721252441,14.297531907685247,13.915989026074767,14.24544672497904,276100000
2020-10-15,13.92595386505127,13.961590585087878,13.72434106555909,13.767205710219246,267224000
2020-10-16,13.767955780029297,14.076978854570742,13.74901562850576,13.99249587281889,242392000
2020-10-19,13.455196380615234,13.939414220058843,13.364482718053416,13.859168359537124,298068000
2020-10-20,13.602479934692383,13.7562437743147,13.464416371504672,13.540675128663521,229212000
2020-10-21,13.482109069824219,13.74801839791896,13.435008244461862,13.582043246069873,219596000
2020-10-22,13.318877220153809,13.568836277147218,13.190034178145442,13.479868040929487,290480000
2020-10-23,13.547403335571289,13.550394135898697,13.249346221187796,13.407595303610165,233484000
2020-10-26,13.099817276000977,13.64957879899875,12.997391406196375,13.384666737166388,336896000
2020-10-27,13.354515075683594,13.399622357059707,13.149911421050136,13.264050487324349,250520000
2020-10-28,12.58719253540039,13.218197340340454,12.569249631247708,13.156392524997964,376520000
2020-10-29,12.982937812805176,13.151155583949004,12.709801518732187,12.798022516795879,320080000
2020-10-30,12.49448299407959,12.895713186897273,12.261220547784955,12.809486688870361,416820000
2020-11-02,12.541085243225098,12.796277680058376,12.355920877552483,12.61784213912138,299652000
2020-11-03,12.978453636169434,13.063683847406413,12.5630175556223,12.668434244784235,272900000
2020-11-04,13.75075912475586,13.783905100563205,13.294951096689376,13.347036272004377,410228000
2020-11-05,14.115355491638184,14.293791032615538,13.946888650320856,14.117848141886952,319028000
2020-11-06,14.51608943939209,14.542754714559118,13.851192528563923,14.06526480662683,383348000
2020-11-09,13.587773323059082,14.645178892872087,13.567836875389528,14.506617206699142,582976000
2020-11-10,12.729740142822266,13.563602104010792,12.588436707125263,13.563602104010792,644068000
2020-11-11,13.375696182250977,13.39264278268389,12.90742679884248,13.012594400822232,404744000
2020-11-12,13.414323806762695,13.722598689302842,13.274017628340097,13.436503832434182,365812000
2020-11-13,13.255077362060547,13.625655192905109,13.018076883230666,13.58428594217903,346312000
2020-11-16,13.472640037536621,13.606466469393995,13.114522593552389,13.130970094085628,413776000
2020-11-17,13.37993335723877,13.553384573065271,13.261807196529444,13.509772694181835,312028000
2020-11-18,13.386412620544434,13.562854630402907,13.143431482279327,13.422797522554765,510924000
2020-11-19,13.397873878479004,13.444974695963419,13.058696656550353,13.171091213997725,565936000
2020-11-20,13.046485900878906,13.451953179863478,13.023806777843802,13.411581184645012,341088000
2020-11-23,13.098573684692383,13.340308505174802,12.974465923751294,13.129725162390375,361356000
2020-11-24,12.916899681091309,13.120505145946135,12.844378941677542,13.101066842254754,346500000
2020-11-25,13.193023681640625,13.227664107698024,12.978951400504695,12.991411800755374,259916000
2020-11-27,13.219439506530762,13.365229132389386,13.128975881494377,13.332831332124405,167276000
2020-11-30,13.359247207641602,13.370213157845031,12.931350792165748,13.223178161034154,286952000
2020-12-01,13.347783088684082,13.48609570066497,13.186542278368222,13.449710804119883,296948000
2020-12-02,13.50179672241211,13.630389717182007,13.192524609305062,13.308408129801464,283360000
2020-12-03,13.357710838317871,13.620956200375707,13.290902903796256,13.548663195020822,199520000
2020-12-04,13.519497871398926,13.521242861894294,13.350481990906417,13.410060816255628,202244000
2020-12-07,13.567859649658203,13.692004086109401,13.46141521930182,13.562375529143035,223244000
2020-12-08,13.311842918395996,13.559881665713313,13.243538190304427,13.546170890394157,271920000
2020-12-09,12.89378833770752,13.375656669962579,12.831466989157484,13.262481458552282,401300000
2020-12-10,12.93517017364502,13.031394734147312,12.812770760118399,12.832215751749333,207764000
2020-12-11,12.976053237915039,12.98278405020142,12.786346653479503,12.930184245172232,209264000
2020-12-14,13.270709991455078,13.350481252818426,13.040121159359513,13.050591101752886,270156000
2020-12-15,13.32231330871582,13.425516898883563,13.14905999762585,13.401336179884739,193016000
2020-12-16,13.204648971557617,13.39884214592736,13.174734036543057,13.38413382690294,223116000
2020-12-17,13.303118705749512,13.341259349880422,13.14083363133033,13.32854516787109,231384000
2020-12-18,13.234065055847168,13.366684324788022,13.033141062616313,13.34075861756635,342064000
2020-12-21,13.294140815734863,13.331783154794788,12.930433506327743,13.037377156557108,302332000
2020-12-22,13.240296363830566,13.299127738654636,13.016687499991681,13.2811795382145,185580000
2020-12-23,12.972065925598145,13.237056275687273,12.96782849920963,13.218110529291765,179144000
2020-12-24,12.956611633300781,13.09496514213458,12.901769477771508,12.999987250858249,97884000
2020-12-28,12.863129615783691,13.025165548440373,12.726771196734271,13.025165548440373,212564000
2020-12-29,12.90625286102295,13.0351339391796,12.805541725669938,12.88805551350614,170372000
2020-12-30,13.108176231384277,13.175981710757751,12.859888338350087,12.953120278145812,225396000
2020-12-31,13.017684936523438,13.113410256321384,12.87808475898394,13.098952036695424,192424000
2021-01-04,13.076017379760742,13.613477268003745,12.925448959611947,13.066794130908479,560640000
2021-01-05,13.366435050964355,13.405073987470002,13.049593299152141,13.062306528679214,322760000
2021-01-06,12.578444480895996,13.207142186008463,12.55002633699992,13.184706458898969,580424000
2021-01-07,13.305859565734863,13.33951363281077,12.849667703065894,12.930435562151088,461480000
2021-01-08,13.238801956176758,13.382639576611059,13.004723124897778,13.324307443387072,292528000
2021-01-11,13.582565307617188,13.92109533146687,13.324305789405765,13.380394628106359,518344000
2021-01-12,13.446207046508789,13.71518662773532,13.30685695821669,13.713191537825285,291476000
2021-01-13,13.493071556091309,13.586055290946524,13.346741517718936,13.451440936900354,210028000
2021-01-14,13.162520408630371,13.5608784418514,13.142827216100367,13.536199426324881,283120000
2021-01-15,12.822745323181152,13.287163872887445,12.81177708254526,13.190191844917592,277780000
2021-01-19,12.988021850585938,13.05657477975122,12.807289326171569,12.979046798283063,226188000
2021-01-20,13.327546119689941,13.392110759074399,13.019429339264908,13.074271482544104,258572000
2021-01-21,13.827864646911621,13.959238189663656,13.215120946062724,13.380147607196607,337780000
2021-01-22,13.67330551147461,13.802186604239331,13.588299278392899,13.700727061039379,246820000
2021-01-25,13.61422348022461,13.788972601299603,13.198664758310809,13.742356162385255,251112000
2021-01-26,13.396848678588867,13.605749231505072,13.349234689420664,13.541682883107807,163980000
2021-01-27,12.88082504272461,13.194924198600733,12.757178948272466,13.192181663865608,371272000
2021-01-28,13.013696670532227,13.30162199857024,12.923455463539968,12.95910366922323,228316000
2021-01-29,12.952620506286621,13.296634637804713,12.874594241549072,13.037626732062714,271552000
2021-02-01,13.199165344238281,13.232818458698954,12.865870277184177,13.015940401973044,217204000
2021-02-02,13.518001556396484,13.53320722236084,13.247526137181742,13.360453169364302,220440000
2021-02-03,13.491825103759766,13.891928064775945,13.477865181936796,13.597022814369032,245408000
2021-02-04,13.625192642211914,13.634415890210278,13.299625966810302,13.492323286600454,201340000
2021-02-05,13.552151679992676,13.697984368062173,13.507031081489062,13.685769436183508,169152000
2021-02-08,14.397481918334961,14.43238173036447,13.68801533625432,13.68801533625432,434624000
2021-02-09,14.222481727600098,14.54156676786031,14.18184770115254,14.299759600879625,287560000
2021-02-10,14.722050666809082,14.862398307109832,14.300509448878522,14.421911341669587,485352000
2021-02-11,15.207159996032715,15.228599130658681,14.882341653535708,14.937433905716711,450828000
2021-02-12,14.918488502502441,15.247545230196673,14.73277015205529,15.006984725766184,374756000
2021-02-16,15.286431312561035,15.328561180758324,14.907268204475995,15.021191826127696,321960000
2021-02-17,14.863396644592285,15.179989298031265,14.737756367516171,15.12763862786288,274756000
2021-02-18,14.786613464355469,14.830736516708235,14.533338832562045,14.686898922585039,233868000
2021-02-19,14.883835792541504,15.133619512638292,14.804313681704349,14.981555252381096,271724000
2021-02-22,14.314719200134277,15.089997140840495,14.284056814366492,14.732521308254674,325884000
2021-02-23,14.101578712463379,14.198052434655088,13.35122901911437,14.035018976264617,391780000
2021-02-24,14.45755672454834,14.465285082228274,13.716680430519219,14.082382854481477,448320000
2021-02-25,13.269463539123535,14.3336633080336,13.178474888234955,14.005354056686674,824436000
2021-02-26,13.675298690795898,13.814897904061295,13.322808775404134,13.713189226576278,500932000
2021-03-01,13.802189826965332,13.885201940525803,13.514514539756215,13.83534465248926,353184000
2021-03-02,13.367931365966797,13.880711304669166,13.357710571906427,13.860269716548428,264116000
2021-03-03,12.76815128326416,13.413052208920957,12.76216791543942,13.387874897012532,377592000
2021-03-04,12.334892272949219,12.937914367477056,12.049211189236068,12.764161819483274,573344000
2021-03-05,12.425882339477539,12.514129408982628,11.645867786362965,12.514129408982628,542840000
2021-03-08,11.560113906860352,12.435603674084037,11.533439801994518,12.414414640051222,543112000
2021-03-09,12.48877239227295,12.585029220167039,12.02893097921558,12.099752572699794,521824000
2021-03-10,12.436903953552246,12.94736663668477,12.426181162680194,12.808217687288016,384376000
2021-03-11,12.960833549499512,13.013451519761361,12.702484861457213,12.91744296360553,299916000
2021-03-12,12.823680877685547,12.856348675890004,12.558349788230219,12.616452826771031,243964000
2021-03-15,13.158086776733398,13.173547877909758,12.735152934451662,12.832407665262366,221988000
2021-03-16,13.257834434509277,13.478527766958353,13.083772684178307,13.322919832651639,272128000
2021-03-17,13.307709693908691,13.419427631953024,12.956843642184772,13.006967363859617,243864000
2021-03-18,12.690513610839844,13.15085349936061,12.685027598463575,13.103473263809228,293896000
2021-03-19,12.81345272064209,12.889012617997281,12.580789498998723,12.717943602495817,299208000
2021-03-22,13.153099060058594,13.360825558253854,12.874301724797736,12.880287158091585,297804000
2021-03-23,13.037888526916504,13.310949633938653,12.988512512674987,13.220926519947097,222048000
2021-03-24,12.611213684082031,13.126166380625975,12.604979968071678,13.118186120651787,245840000
2021-03-25,12.50373649597168,12.682785817128236,12.241148899201454,12.46807693347633,295144000
2021-03-26,12.806970596313477,12.823928054668183,12.342391791953444,12.522936498340556,363968000
2021-03-29,12.91569709777832,13.029660048696257,12.668071206371831,12.788018639128039,273520000
2021-03-30,12.839386940002441,12.9426270792855,12.673056238675196,12.809711868638967,200204000
2021-03-31,13.314692497253418,13.436634761447108,12.949861691430945,12.982778720855652,314776000
2021-04-01,13.77702522277832,13.835128246846539,13.477279865489436,13.53812732257779,308276000
2021-04-05,13.952335357666016,13.978768485040936,13.698474787231888,13.83263715402911,255672000
2021-04-06,13.826650619506836,14.018916004314782,13.738872514596373,13.964553395548302,191744000
2021-04-07,14.107942581176758,14.207690603431818,13.67702849951117,13.845852528976325,251284000
2021-04-08,14.281006813049316,14.435118400784658,14.213176976612907,14.216918348018499,244416000
2021-04-09,14.363798141479492,14.371778402447765,14.139364360339467,14.178265873277429,195172000
2021-04-12,15.17076301574707,15.313902572730411,14.10370261858076,14.253824546574181,869324000
2021-04-13,15.640082359313965,15.660531006260301,15.087724413615085,15.193208648539647,676212000
2021-04-14,15.238595008850098,15.68097964395689,15.189218984514245,15.585719732561689,385500000
2021-04-15,16.096681594848633,16.173487680774556,15.592202403913975,15.623124606404787,598480000
2021-04-16,15.8724946975708,16.125108122447834,15.82536274319291,16.0126405831472,335208000
2021-04-19,15.323129653930664,15.76775925819942,15.194703488299082,15.497440653339318,404420000
2021-04-20,15.133110046386719,15.458040514541521,14.925383538117353,15.28472739555049,334132000
2021-04-21,15.321882247924805,15.323877075097695,15.064281282601483,15.080739320235335,216776000
2021-04-22,14.812915802001953,15.399687065149584,14.746333090501135,15.33634630471237,277788000
2021-04-23,15.226871490478516,15.29644596297973,14.862789373652932,14.896703337927875,227500000
2021-04-26,15.439085006713867,15.440082895862012,15.08697282890751,15.146822395881406,197796000
2021-04-27,15.343074798583984,15.631098471767597,15.31589302579635,15.539329785582597,164572000
2021-04-28,15.2383451461792,15.493203632112797,15.177249389889502,15.325874983835623,209416000
2021-04-29,15.286221504211426,15.397690199904106,15.033608086346442,15.36128198854834,173196000
2021-04-30,14.971763610839844,15.32637005581225,14.959295227808386,15.136349691451016,201912000
2021-05-03,14.79944896697998,15.20841803404415,14.750323136442555,15.086974247402853,203912000
2021-05-04,14.315170288085938,14.600700762458748,13.975027966489963,14.60045152794896,405324000
2021-05-05,14.422150611877441,14.776258621126953,14.35132901002754,14.672020570032824,292024000
2021-05-06,14.48648738861084,14.53461628081526,14.182254838103722,14.45880713985873,193380000
2021-05-07,14.77501106262207,14.933112300510395,14.63486422135409,14.771021408101264,229328000
2021-05-10,14.22988510131836,14.768776709960429,14.214174766121413,14.750073658170713,268904000
2021-05-11,14.270282745361328,14.318660873982997,13.715431575761658,13.790242830465013,285584000
2021-05-12,13.723910331726074,14.22439889185973,13.674784499511132,13.974278753404459,303408000
2021-05-13,13.630894660949707,14.045350711147945,13.425162994144586,13.998467988858465,285404000
2021-05-14,14.207192420959473,14.291978764788404,13.713935458707894,13.855080192512533,258616000
2021-05-17,14.129887580871582,14.133628001156678,13.818672627064075,14.121408850962863,216980000
2021-05-18,13.980511665344238,14.368035115402556,13.968790986386999,14.231130241326667,186256000
2021-05-19,14.030386924743652,14.04410243148695,13.509200522328285,13.532391695784717,344000000
2021-05-20,14.575763702392578,14.646834538609415,14.234623498296415,14.266542637893258,321592000
2021-05-21,14.954056739807129,15.18372819116599,14.832114502737982,15.125624220122027,672992000
2021-05-24,15.572752952575684,15.705418021198524,15.137848205171483,15.174256423810533,554816000
2021-05-25,15.608410835266113,15.77873122812608,15.443576455372922,15.72636344352039,435408000
2021-05-26,15.660531044006348,15.754045362682273,15.54706749867685,15.694695200509921,370440000
2021-05-27,15.449061393737793,15.710402780852254,15.42113191055747,15.66027906156566,581476000
2021-05-28,16.203657150268555,16.236575125057893,15.462027659013474,15.462027659013474,644536000
2021-06-01,16.223608016967773,16.347047573880385,15.863266335432474,16.229094980518518,472804000
2021-06-02,16.73606300354004,16.87621075424582,16.194678271753585,16.211386490896142,594168000
2021-06-03,16.92708396911621,17.215608058599543,16.54130706968029,16.658761189100893,580008000
2021-06-04,17.534055709838867,17.616596077162153,17.052519499034798,17.06947505300827,617120000
2021-06-07,17.574705123901367,17.76771918028066,17.149528167001655,17.52707659864361,575756000
2021-06-08,17.413116455078125,17.577202211430077,17.20763302961536,17.483189415739016,323848000
2021-06-09,17.318578720092773,17.53483445076462,17.216313965511866,17.475719983872768,381656000
2021-06-10,17.38517951965332,17.452027750538555,17.136749890941907,17.310352051917093,287772000
2021-06-11,17.78451156616211,17.898251342387297,17.403883229039902,17.439550960234815,416308000
2021-06-14,17.977567672729492,17.998270294606797,17.622382309836595,17.865076259269316,321376000
2021-06-15,17.747844696044922,17.97507495598846,17.68748377402905,17.8740566646082,243032000
2021-06-16,17.76954460144043,17.91371508228744,17.54431057593765,17.75009034027756,307124000
2021-06-17,18.61461067199707,18.79195408152908,17.715670721948143,17.73387852672111,809656000
2021-06-18,18.596155166625977,19.330722547303935,18.541529844643833,18.741073548263532,968856000
2021-06-21,18.385128021240234,18.494129312378675,17.78200999887448,18.393109155949894,672384000
2021-06-22,18.84358024597168,18.920405816851837,18.34397521012506,18.42928050020568,580144000
2021-06-23,19.01369285583496,19.108975530104733,18.864534651482277,18.96430647751163,332356000
2021-06-24,19.161609649658203,19.37561988275195,19.04462715758127,19.18380992868427,320924000
2021-06-25,18.98750114440918,19.301283101338285,18.851313735014788,19.2364311384409,278364000
2021-06-28,19.93932342529297,20.03285915279017,19.274845251778927,19.31699836660214,495436000
2021-06-29,19.980979919433594,20.052813964606784,19.612073999620787,19.837058731492426,367632000
2021-06-30,19.956785202026367,20.116419372850345,19.81835223637548,19.953542508047825,326568000
2021-07-01,20.165803909301758,20.409245712086076,19.973244233081605,20.079002860645495,480136000
2021-07-02,20.440176010131836,20.458385715167392,20.241382131269432,20.39353374130317,342764000
2021-07-06,20.651193618774414,20.794365027841287,20.30374010137351,20.690104043459606,446708000
2021-07-07,20.325191497802734,20.827291472702445,20.28553319651976,20.80584097500275,418428000
2021-07-08,19.857263565063477,20.086986749821186,19.655725557948074,19.81111987540912,503300000
2021-07-09,20.004423141479492,20.03435525988892,19.709100137865747,19.916874216592717,296624000
2021-07-12,20.465620040893555,20.485822176822126,20.141611349333026,20.193741842138916,321984000
2021-07-13,20.203718185424805,20.41448567344241,20.068029336079224,20.353873559779505,290708000
2021-07-14,19.796152114868164,20.371085187091623,19.7076060162833,20.311222848316984,380100000
2021-07-15,18.922903060913086,19.801640805909646,18.815399378990502,19.766471657258307,550564000
2021-07-16,18.119495391845703,19.113219490789987,18.031697155658193,18.987009407333584,688224000
2021-07-19,18.736827850341797,18.998477447310524,17.824666134451522,17.8743037047261,749060000
2021-07-20,18.569461822509766,18.794945132479892,18.122485771322793,18.687192164183777,434687000
2021-07-21,19.365642547607422,19.482375748263774,18.699169845923898,18.83884929765642,371017000
2021-07-22,19.549217224121094,19.841546833620864,19.23194323043398,19.597107853695302,323826000
2021-07-23,19.51329803466797,19.65497367183318,19.206001448211797,19.61107361577112,195672000
2021-07-26,19.24990463256836,19.397565194519427,18.87077204812226,19.266865977371694,203943000
2021-07-27,19.164104461669922,19.57715791290322,18.69817072984935,19.22097340887987,248863000
2021-07-28,19.45842742919922,19.601100261911586,18.951589008448458,19.274847933928527,202191000
2021-07-29,19.6170597076416,19.807623128442792,19.283821585563704,19.474385006364894,190781000
2021-07-30,19.454435348510742,19.585134561055348,19.21897466845994,19.3736191961783,183497000
2021-08-02,19.704862594604492,19.915380808627756,19.316751690978577,19.654977627712686,217444000
2021-08-03,19.769716262817383,20.175785713093944,19.176074829948746,19.694886903097746,301811000
2021-08-04,20.227663040161133,20.27156310038773,19.782681342516437,19.94431173895087,231309000
2021-08-05,20.58983612060547,20.685617395724258,20.295510226219236,20.453150082936443,211435000
2021-08-06,20.31945037841797,20.52298458479839,20.163806797419902,20.477090195052455,178497000
2021-08-09,20.248615264892578,20.461127792585444,20.096962239032255,20.399269221353503,146443000
2021-08-10,19.89043617248535,20.383306595035517,19.78966527712816,20.27555363193905,179238000
2021-08-11,19.653976440429688,20.00317688001312,19.38559215044887,19.997190075674563,185925000
2021-08-12,19.859508514404297,19.983223761879053,19.57516002402308,19.824588657900602,151652000
2021-08-13,20.141860961914062,20.167802514416586,19.80563126679169,19.859508704764945,183063000
2021-08-16,19.904403686523438,20.240633343657066,19.408537969464135,20.08898032367069,210876000
2021-08-17,19.41352653503418,19.72481369476368,19.222963104205142,19.64000698314387,204585000
2021-08-18,18.99648666381836,19.589128991914862,18.956577166874165,19.455434460739273,285913000
2021-08-19,19.75275421142578,20.44816179796092,18.71912067132583,19.449448117020804,766555000
2021-08-20,20.768423080444336,20.8173108732515,19.88744183759088,19.94530793349124,675741000
2021-08-23,21.907812118530273,21.946722537110478,20.902116621288442,20.9230685315231,575807000
2021-08-24,21.743188858032227,21.9088098112893,21.485779125252666,21.703281272193063,297299000
2021-08-25,22.162235260009766,22.41864789917261,21.672358134566363,21.68732324562584,347701000
2021-08-26,22.01756477355957,22.288942483035,21.74020025936337,22.149263059479914,237940000
2021-08-27,22.58426284790039,22.670066727828846,22.116334931124943,22.13329627384273,304722000
2021-08-30,22.636146545410156,22.990334740001824,22.499460525203325,22.777822203844707,262580000
2021-08-31,22.337778091430664,22.64712359993544,22.073337729589888,22.64712359993544,259850000
2021-09-01,22.393659591674805,22.649120064789688,22.309837159244136,22.43756739580158,201767000
2021-09-02,22.348758697509766,22.54534365620338,22.247971910292815,22.470501096821568,187834000
2021-09-03,22.794809341430664,22.93750730917341,22.153166206014838,22.27790249793311,280532000
2021-09-07,22.61419105529785,22.85069057355953,22.474485116430305,22.784829827757243,198107000
2021-09-08,22.2918758392334,22.5623040643883,21.930638074162353,22.46550856729171,254434000
2021-09-09,22.130220413208008,22.490458989363443,22.084317916530594,22.264935875841445,196856000
2021-09-10,22.430580139160156,22.578266724683587,22.223018761676062,22.30085332657019,248376000
2021-09-13,22.10527229309082,22.915559708547303,21.81189184174962,22.636149664254482,297500000
2021-09-14,22.195079803466797,22.36272466695094,22.039408757377963,22.22800922879762,199755000
2021-09-15,22.293872833251953,22.31981896258002,21.919663869421825,22.26194074612336,166538000
2021-09-16,22.195079803466797,22.23000581669266,21.88074378110906,22.136204252125346,156033000
2021-09-17,21.85379981994629,22.273911214791905,21.78394779506993,22.252955607329,294503000
2021-09-20,21.06846046447754,21.38778508160045,20.618411689847797,21.101389887747473,349440000
2021-09-21,21.20118522644043,21.379806603732295,20.90581006345656,21.371824057072708,204688000
2021-09-22,21.894712448120117,21.91367146665539,21.151283289924628,21.32092472783552,268726000
2021-09-23,22.434572219848633,22.48745990832766,21.843820146489403,22.093292745342225,248555000
2021-09-24,22.0344181060791,22.102275447550486,21.81488289522603,22.023441631035194,217655000
2021-09-27,21.61430549621582,21.753012198242896,21.280013132238278,21.664199253926697,245215000
2021-09-28,20.65533447265625,21.373816837113832,20.607435394582403,21.169249364639114,343069000
2021-09-29,20.473716735839844,20.97266191637048,20.423821075791892,20.89582469355393,218394000
2021-09-30,20.67230224609375,21.021564353187422,20.644361429792287,20.72419260541438,221009000
2021-10-01,20.698246002197266,20.814997869776846,20.16038154346578,20.706228547845832,240978000
2021-10-04,19.690372467041016,20.498663106552392,19.51374583182753,20.460743167184962,345635000
2021-10-05,20.407854080200195,20.60443896543691,19.81211346850352,19.907911604183766,279282000
2021-10-06,20.656335830688477,20.676292195822512,20.03764283172768,20.077559368646227,297202000
2021-10-07,21.030540466308594,21.27701913068914,20.92775711791302,21.04750289734636,256919000
2021-10-08,20.78705596923828,21.16126489932197,20.73117434597139,21.056486855696548,151258000
2021-10-11,20.65134048461914,21.01856416379945,20.467728645028984,20.53159470850479,163388000
2021-10-12,20.62739372253418,21.01257912959574,20.484695733535407,20.78406211740241,162134000
2021-10-13,20.89482879638672,20.945721806793706,20.66930570613976,20.873873186805923,180652000
2021-10-14,21.700124740600586,21.709104627354822,21.07744058821198,21.243090758622078,243589000
2021-10-15,21.81587791442871,21.88473259084707,21.616300990357516,21.763987571571747,226994000
2021-10-18,22.175125122070312,22.243979817366263,21.598343332823575,21.703123292762136,189494000
2021-10-19,22.24298095703125,22.331792011817765,21.990514392616486,22.229008647111023,161473000
2021-10-20,22.056371688842773,22.38567543781395,21.935626663665868,22.257945210436517,146276000
2021-10-21,22.64413070678711,22.66309163127974,22.036416137205087,22.05038654332594,187590000
2021-10-22,22.678058624267578,23.081205703653463,22.51340768666048,22.77485412154464,249384000
2021-10-25,23.117130279541016,23.30573075031013,22.72196575698433,22.9245366329956,230235000
2021-10-26,24.66485595703125,25.205714271899417,23.873529604420657,23.93839301304731,485898000
2021-10-27,24.3994197845459,25.0370717258524,24.230775672972076,24.422371980713933,245990000
2021-10-28,24.888383865356445,24.897365655301588,24.471266418851215,24.825517045714975,234204000
2021-10-29,25.5130672454834,25.654767902179138,24.94726386442255,24.948261206819474,292503000
2021-11-01,25.77251434326172,25.839372434906895,25.173779738453483,25.59489035924364,265740000
2021-11-02,26.34530258178711,26.621718639071563,25.745570640273353,25.767525492097906,294112000
2021-11-03,26.541889190673828,26.727497632609634,26.17965600054016,26.613737804003005,239910000
2021-11-04,29.738134384155273,31.298834251427845,27.060793699318,27.171559601999014,1153631000
2021-11-05,29.68923568725586,31.333757862133087,29.347956214634998,30.123317473930538,851260000
2021-11-08,30.739015579223633,31.034390654499887,29.843906660251005,30.08539670658741,503101000
2021-11-09,30.59233283996582,32.24184784403899,29.90079574023466,32.2139070280226,646746000
2021-11-10,29.3968563079834,30.784922760075833,28.717293111078096,29.294074848774112,636206000
2021-11-11,30.325891494750977,30.525470354822794,29.714185657516225,30.40372797344251,332172000
2021-11-12,30.325891494750977,30.615280651522603,29.567494491133164,29.946693944604604,413054000
2021-11-15,29.96165657043457,30.579350162729593,29.18529802087498,30.4875451970534,384909000
2021-11-16,30.1392822265625,30.325888001469504,29.64333096717068,29.69622055809208,264484000
2021-11-17,29.199270248413086,30.4446385457493,28.739242339156842,30.353829013241555,428508000
2021-11-18,31.60818099975586,32.690891284605854,31.254927669456258,32.29872256948904,781711000
2021-11-19,32.91541290283203,33.018196245585706,31.83769143046511,32.174977704788965,533867000
2021-11-22,31.888586044311523,34.573909183585116,31.832704423703742,33.446291928728265,754335000
2021-11-23,31.679033279418945,32.29173838894415,30.814858947539943,31.46847793452382,532163000
2021-11-24,32.60507583618164,32.78569378331727,30.862758634892,31.394635245658122,435162000
2021-11-26,31.436546325683594,32.640999049774194,31.283869193005557,32.53123047996509,283069000
2021-11-29,33.30559158325195,33.34151493953768,31.968418209027394,32.29772388938831,454964000
2021-11-30,32.6070671081543,33.2826408933307,31.796781690175454,33.099027131565556,622066000
2021-12-01,31.372526168823242,33.222843560767245,31.317635170167748,33.152982981954075,484368000
2021-12-02,32.06215286254883,32.413454492397044,30.963341136104958,31.15196660239209,472890000
2021-12-03,30.632009506225586,32.065156795633506,30.070126636556154,31.936411522465985,544325000
2021-12-06,29.977306365966797,30.18089951334633,27.982278547489575,29.820616888870113,658938000
2021-12-07,32.362548828125,32.384508270203064,30.590079592743436,30.89547307149783,593053000
2021-12-08,31.762746810913086,32.22582532268798,31.35855105329913,31.93540331263959,475551000
2021-12-09,30.429405212402344,32.14099894850159,30.367528154513945,31.670932420721524,488507000
2021-12-10,30.13798713684082,31.242787533822337,29.801656967245915,31.088094881745874,488825000
2021-12-13,28.10503387451172,30.233796207467403,28.060123228578693,30.188885561534377,598344000
2021-12-14,28.280681610107422,28.62100349476861,27.195842071505684,27.643949113929793,667035000
2021-12-15,30.398466110229492,30.439384993244534,27.782674736715105,28.343558104801343,698297000
2021-12-16,28.33058738708496,31.098077489916022,28.03717291445305,31.090093966507315,707366000
2021-12-17,27.745752334594727,28.86452488757024,27.70483344742643,27.929386691044225,713758000
2021-12-20,27.66391372680664,28.08806836031616,27.09105503438404,27.250736913132904,461847000
2021-12-21,29.017215728759766,29.062126369769842,27.346541025319663,28.317608716176828,524385000
2021-12-22,29.341567993164062,29.49626062055205,28.392457864198384,28.833580742440954,395184000
2021-12-23,29.581090927124023,29.999258803639915,29.37250667280015,29.695862140217667,343022000
2021-12-27,30.88349723815918,31.025215214480056,29.58109059029503,29.60105129762086,403686000
2021-12-28,30.26173973083496,31.267735891884268,29.952354442300354,31.249772014643753,420591000
2021-12-29,29.941375732421875,30.48728951276,29.30763749732145,30.212836426014583,343139000
2021-12-30,29.52720069885254,30.39646994729714,29.481292592153306,29.7677209545132,308864000
2021-12-31,29.352548599243164,29.97031979961117,29.272707665423898,29.61502640680273,266530000
2022-01-03,30.061140060424805,30.649967690712824,29.725807360139775,29.755748425658155,391547000
2022-01-04,29.231788635253906,30.40744692192532,28.292658836690123,30.216826539242714,527154000
2022-01-05,27.54913902282715,29.357538070443287,27.478280983281813,28.891465241719928,498064000
2022-01-06,28.121997833251953,28.381481331155296,27.01121087291353,27.585066961351565,454186000
2022-01-07,27.19285011291504,28.36551610574402,27.003227178529944,28.085074417160133,409939000
2022-01-10,27.34554672241211,27.41440984015935,25.593035959641192,26.528174103666952,594681000
2022-01-11,27.7617130279541,28.009221223323784,26.785658071173884,27.268695372872294,404089000
2022-01-12,27.943359375,28.538173737078317,27.553135645796164,28.011223129932247,383413000
2022-01-13,26.522186279296875,28.423399112253964,26.445337738615446,28.322600004609768,540171000
2022-01-14,26.88845443725586,27.14294871181414,26.157908876529852,26.24773016124949,395832000
2022-01-18,25.85152244567871,26.585062377950432,25.718787337317245,26.20781332431235,424270000
2022-01-19,25.017183303833008,26.49024985304365,25.002213722761,26.027173172244265,488315000
2022-01-20,24.102008819580078,25.528169968325233,24.030151395201294,25.25371682812261,435181000
2022-01-21,23.327550888061523,24.773670788821633,23.216771410371674,23.46028600695824,718958000
2022-01-24,23.325550079345703,23.33353360141309,20.846487542973147,22.285621139528853,913982000
2022-01-25,22.27963638305664,22.897407670690043,21.956280840945627,22.50119533882482,664616000
2022-01-26,22.726741790771484,24.009187801451084,22.255679732041738,23.193812088529306,755959000
2022-01-27,21.900388717651367,23.947313152254385,21.631922323422884,23.521161726766028,573353000
2022-01-28,22.79460906982422,22.81257294726287,21.253676914429107,21.96825357562381,543774000
2022-01-31,24.437339782714844,24.460294791256842,23.006189511786687,23.13593032920082,564680000
2022-02-01,24.589033126831055,25.095025447548608,23.842518660207173,25.054106568459677,518925000
2022-02-02,25.191835403442383,25.765691523974446,24.50420361965189,25.74273842128798,543419000
2022-02-03,23.900409698486328,25.027165823091096,23.73274428459632,24.40939643808451,410178000
2022-02-04,24.27066993713379,24.58604192006064,23.58503497082933,23.924359424926656,354829000
2022-02-07,24.67885971069336,25.13195606384545,24.153904034057735,24.323566276250155,376868000
2022-02-08,25.058101654052734,25.1798589396147,23.93234311537428,24.310589623943148,410359000
2022-02-09,26.65192985534668,26.671890566783304,25.302617361297145,25.571081886954367,524282000
2022-02-10,25.77267837524414,26.871490147981913,25.549124513702214,25.94333997182691,513200000
2022-02-11,23.901405334472656,26.10002831228232,23.725756410566216,25.864497256375,605472000
2022-02-14,24.21877098083496,24.825562419077983,23.707787514804277,23.886432615759617,440424000
2022-02-15,26.442344665527344,26.4922445340871,24.734744665885565,24.899415754979135,699869000
2022-02-16,26.458316802978516,26.52917676195882,25.50122290114843,26.206818675900536,732676000
2022-02-17,24.458295822143555,25.733755858622583,24.11697644225443,25.579063213609647,810595000
2022-02-18,23.595014572143555,24.936343397057144,23.054091914566957,24.61897459185381,761255000
2022-02-22,23.343515396118164,24.01617571252817,22.9542910697266,22.98922136037415,633422000
2022-02-23,22.342504501342773,24.10699211767521,22.25667689007346,23.7546930729614,566511000
2022-02-24,23.700801849365234,23.752698549006187,20.8484821049316,20.973233676940158,735801000
2022-02-25,24.108991622924805,24.168871850041366,23.334534721068575,23.67385918065925,528866000
2022-02-28,24.33654022216797,24.61598446694235,23.659888105648218,23.944321576419384,477319000
2022-03-01,23.430341720581055,24.328554607429982,23.086028049660978,24.24272507991095,412056000
2022-03-02,24.175981521606445,24.364639111563292,23.372446139998853,23.712826005452477,389642000
2022-03-03,23.6709041595459,24.281791456450637,23.426348571587415,24.217906685184186,365095000
2022-03-04,22.894319534301758,23.636966955127175,22.441144110309114,23.341505344158694,431415000
2022-03-07,21.313196182250977,22.991142952296123,21.291236802671158,22.775533982357196,450821000
2022-03-08,21.474905014038086,22.332343305523693,20.612474742304823,21.270277613184593,557467000
2022-03-09,22.9721736907959,23.177798676510015,22.206567458744647,22.34631240982393,492742000
2022-03-10,22.616823196411133,22.746586101874037,21.842232493155823,22.49005319391326,428066000
2022-03-11,22.059833526611328,23.102934310341155,22.005930818926704,22.980156766784855,367209000
2022-03-14,21.291234970092773,22.221540369503135,21.120546216146405,21.829254954549043,385354000
2022-03-15,22.93124771118164,22.996130111197097,21.28324922029345,21.47889215070773,491996000
2022-03-16,24.45148277282715,24.552299054127236,23.12988952261609,23.457292552284873,671422000
2022-03-17,24.720989227294922,24.796849408752696,23.86255164423222,24.076163405788236,471941000
2022-03-18,26.40492820739746,26.520718537026188,24.579253333704855,24.75393455872764,730719000
2022-03-21,26.6854190826416,27.10266067918236,25.91981265254328,26.458832295652126,591727000
2022-03-22,26.475797653198242,27.188500789536455,26.02461941553547,26.678427854459326,547007000
2022-03-23,25.58741569519043,26.56363709584055,25.52852290161085,26.078520250553925,502120000
2022-03-24,28.098838806152344,28.268529918250007,25.85991528381523,26.118445344770176,877379000
2022-03-25,27.64167594909668,28.306466021323548,27.221441486555513,27.835323644890032,579016000
2022-03-28,28.16771697998047,28.198660780217054,27.15655743522871,27.705559052925192,425494000
2022-03-29,28.60392189025879,28.89339386605595,27.929149831104116,28.64285057154714,488984000
2022-03-30,27.639680862426758,28.444215914701186,27.45302041414032,28.25256539037633,463487000
2022-03-31,27.236413955688477,28.19666565950048,27.220444189167058,27.73151289162019,523440000
2022-04-01,26.663455963134766,27.446031589701068,26.219264969798488,27.325251194574196,517235000
2022-04-04,27.31028175354004,27.507921900338484,26.56463946806784,26.67943026049353,397120000
2022-04-05,25.883872985839844,27.269350934287917,25.773074655335627,27.20446853162703,436615000
2022-04-06,24.362646102905273,25.25402295327637,23.95938093983907,24.888688841537608,703833000
2022-04-07,24.164011001586914,24.677076933758773,23.435337966378388,24.396587411348467,557992000
2022-04-08,23.076982498168945,23.879522143654725,23.020086883249657,23.873532530332007,524781000
2022-04-11,21.877172470092773,22.279440020786367,21.620639518313418,22.173633648146907,575207000
2022-04-12,21.464921951293945,22.683703781053012,21.243325254974113,22.496045694848974,662258000
2022-04-13,22.162647247314453,22.45910836108208,21.41600747437876,21.68851203835293,516943000
2022-04-14,21.219364166259766,22.73560447190071,21.124537508973223,22.46409755288005,569097000
2022-04-18,21.7434139251709,22.047858038582817,21.040692857198728,21.161473248993577,525701000
2022-04-19,22.157655715942383,22.33233689682969,21.275261584203733,21.680523827744366,512781000
2022-04-20,21.442962646484375,22.62880350480131,21.161475516175667,22.476081662618792,468974000
2022-04-21,20.146318435668945,22.35130326457004,19.963650470316455,21.66954403745964,656209000
2022-04-22,19.479536056518555,20.448772191837854,19.46456392428075,20.266104182229988,624713000
2022-04-25,19.865829467773438,19.908750586184066,19.061294578956485,19.167100923640312,641566000
2022-04-26,18.75385856628418,19.75204136699031,18.636072965338734,19.682168875562095,653143000
2022-04-27,18.38153839111328,19.132170809703098,18.256765532864236,18.56420451525645,499460000
2022-04-28,19.746051788330078,20.00058946914846,18.456399790239256,18.932532271184286,570327000
2022-04-29,18.513296127319336,20.091422411814133,18.48334995977803,19.36674191148043,500435000
2022-05-02,19.497499465942383,19.538423409579117,18.357574867606576,18.507301859903563,572049000
2022-05-03,19.566373825073242,19.788970013363656,19.098226341517233,19.364741283038427,475751000
2022-05-04,20.297048568725586,20.362928617902014,18.716925022967168,19.886796140998648,648855000
2022-05-05,18.80975341796875,19.888788220846624,18.466378728953146,19.830894968407897,626331000
2022-05-06,18.641056060791016,19.476534645488314,17.957301631451948,18.701946011308845,633297000
2022-05-09,16.919191360473633,18.221817709979472,16.796413836482763,18.00122064739031,644455000
2022-05-10,17.56302261352539,18.16492737651773,16.99405882150625,17.656851643260232,761474000
2022-05-11,16.599777221679688,17.720737474100222,16.537891524903785,17.315475166719338,670167000
2022-05-12,16.145599365234375,16.757486037282103,15.538705623241645,16.189520014782023,708728000
2022-05-13,17.673818588256836,17.895415223446868,16.56284250978314,16.757487791205303,670437000
2022-05-16,17.232624053955078,17.755671895048422,17.074912165379693,17.47717962452616,521446000
2022-05-17,18.143966674804688,18.337614359005986,17.601954209019933,18.04115321874996,585830000
2022-05-18,16.907222747802734,18.085078948392532,16.833357802575495,17.672829278186104,545161000
2022-05-19,17.092880249023438,17.654856806883604,16.703587720835515,16.906219819291394,621310000
2022-05-20,16.66366195678711,17.378360361940025,15.726368287812404,17.30050299605302,739105000
2022-05-23,16.867294311523438,16.88426361777237,16.1496009881176,16.244427672325003,639889000
2022-05-24,16.1246395111084,16.566835152715054,15.751319657965462,16.479993381421657,588550000
2022-05-25,16.944154739379883,17.079907290972063,15.970926052291802,15.990890166789026,781132000
2022-05-26,17.818561553955078,18.05912283951372,15.99288468334853,16.006859182062453,996575000
2022-05-27,18.776813507080078,18.846685983699807,18.06710524448989,18.15294938885793,738379000
2022-05-31,18.6380672454834,19.165107560608973,18.316651930915967,18.945506160051778,664100000
2022-06-01,18.286706924438477,19.018374652138892,18.089066793747712,18.68997397259425,544514000
2022-06-02,19.556396484375,19.58334784646,18.16493055901775,18.258759605191464,648656000
2022-06-03,18.685977935791016,19.296867114895196,18.48833782299085,19.047321460231885,598779000
2022-06-06,18.75185775756836,19.301856968127392,18.53026109692932,19.104216857601944,422406000
2022-06-07,18.8916072845459,18.965472213893936,18.154947548277914,18.438431844745782,388914000
2022-06-08,18.618045806884766,19.14919082607967,18.50522645422863,18.768802321218942,363252000
2022-06-09,18.019010543823242,18.902589231705353,18.01202181811601,18.451315596651252,395574000
2022-06-10,16.946735382080078,17.66857359163236,16.841902597628902,17.571729282063977,465248000
2022-06-13,15.621867179870605,16.285798979640894,15.580932670861289,15.974299858189175,604153000
2022-06-14,15.810562133789062,16.040192214090787,15.387242491326816,15.705730306415653,469680000
2022-06-15,16.500452041625977,16.84090387526414,15.900416682083067,16.06914487895743,563936000
2022-06-16,15.575940132141113,15.916392943958204,15.376261580184906,15.834523928335084,545749000
2022-06-17,15.854491233825684,15.969306274754233,15.303377894797796,15.622863557257194,630334000
2022-06-21,16.539390563964844,16.980680030237714,16.380645564342693,16.44853713036233,483089000
2022-06-22,16.333724975585938,16.63523998208321,16.154013767115536,16.199939414708897,437135000
2022-06-23,16.19894027709961,16.558360761085417,15.827537079076826,16.492466783521426,463680000
2022-06-24,17.098487854003906,17.112465303147033,16.28379871027583,16.473494023135874,472153000
2022-06-27,16.84190559387207,17.302165607517388,16.599295854163095,17.284194868332495,427968000
2022-06-28,15.956328392028809,17.17436801500843,15.91938717022095,16.87285307326158,461149000
2022-06-29,15.517033576965332,15.794586883557068,15.145631406490011,15.788596955968533,482352000
2022-06-30,15.134648323059082,15.541992886601182,14.838125505254764,15.33632348637109,686070000
2022-07-01,14.499671936035156,15.03880451331611,14.368882791299097,14.875068383035895,577610000
2022-07-05,14.939962387084961,14.946951112194402,14.032423111650445,14.152230235873315,651397000
2022-07-06,15.105695724487305,15.29439224990289,14.765242940869179,14.985888603236944,529066000
2022-07-07,15.832526206970215,15.91938634734984,15.36427972508815,15.431172487703748,492903000
2022-07-08,15.812560081481934,16.01124079035871,15.364280941862427,15.405215450126937,467972000
2022-07-11,15.12766170501709,15.502059340934558,15.013844503778325,15.501060543530391,437321000
2022-07-12,15.057774543762207,15.40621394491729,14.853103898095975,15.243475654572288,458483000
2022-07-13,15.139642715454102,15.350304243121299,14.4417660630257,14.56656528451449,521918000
2022-07-14,15.347308158874512,15.448145758029392,14.70434254342208,15.083732275086524,456235000
2022-07-15,15.73668098449707,15.75664836262336,15.420189805163654,15.633846749612045,385935000
2022-07-18,16.075136184692383,16.8698570674019,15.976296187145689,16.275813524039364,670517000
2022-07-19,16.964702606201172,17.082513067414855,16.14602025655612,16.459514986904992,702366000
2022-07-20,17.778398513793945,17.9041974948796,16.774015685938632,16.919781096788945,760538000
2022-07-21,18.021007537841797,18.114856419024587,17.516819500864308,17.856273549154427,557049000
2022-07-22,17.291179656982422,17.93813754600972,17.109470902798687,17.86425701094861,536671000
2022-07-25,16.996654510498047,17.096494261320483,16.622256873127547,16.991661475600253,480748000
2022-07-26,16.50644302368164,16.891822649479725,16.451531068699488,16.861870154684528,397865000
2022-07-27,17.761423110961914,17.907188485590435,16.885831113737122,17.004639434525583,569776000
2022-07-28,17.955110549926758,18.11086009552277,17.411985687188125,17.946126134465974,474646000
2022-07-29,18.13382339477539,18.21469265324764,17.663579330275038,17.784385247533635,435460000
2022-08-01,18.411378860473633,18.815729008879483,17.96110307249906,18.15279410603998,476469000
2022-08-02,18.49624252319336,18.90758142194784,18.062939600781153,18.09289210018399,489527000
2022-08-03,18.862651824951172,18.937532114170036,18.10786566973609,18.154791057227346,418146000
2022-08-04,19.18413543701172,19.243040681587424,18.72986637165179,18.818724113299595,409652000
2022-08-05,18.958499908447266,19.19811418839831,18.636018761507295,18.779786567763914,386068000
2022-08-08,17.764413833618164,18.209698361202463,17.214300355633416,17.473882879818,981859000
2022-08-09,17.058551788330078,17.418971902884152,16.697133828709614,17.224285475006486,668263000
2022-08-10,18.067930221557617,18.08889639705217,17.289182479721063,17.6695709828763,597422000
2022-08-11,17.91318130493164,18.67695387002045,17.84728732822926,18.101878818020555,509327000
2022-08-12,18.67894744873047,18.687933769017686,17.92416129028976,18.130829518331936,478094000
2022-08-15,19.001428604125977,19.13321654286925,18.583102920928454,18.67096091199568,457666000
2022-08-16,18.848674774169922,19.11125281035759,18.471281688551823,18.88960928236418,451240000
2022-08-17,18.305543899536133,18.657977444704226,18.115850505713258,18.49324350751231,446799000
2022-08-18,18.74284553527832,18.83469681060988,18.1537931034188,18.2716035897907,415447000
2022-08-19,17.820331573486328,18.490253330046265,17.74145799231606,18.376436118791393,441588000
2022-08-22,17.006637573242188,17.529796005514974,16.93874601388548,17.46190444615827,409593000
2022-08-23,17.15340232849121,17.436946542201706,16.94274081093071,16.961711297149357,369986000
2022-08-24,17.194337844848633,17.378042316071028,16.867863413110875,16.984674160286165,522661000
2022-08-25,17.884225845336914,17.918171626071466,16.805960762250074,16.816942772656006,770691000
2022-08-26,16.233882904052734,17.895209693014834,16.210919131366463,17.82831787419481,769127000
2022-08-29,15.775618553161621,16.311755674946216,15.741673723289146,15.994267589292031,496132000
2022-08-30,15.443153381347656,16.013235302076197,15.157612546233274,15.934362683647725,530181000
2022-08-31,15.069754600524902,15.515038296538872,14.934971220455097,15.359288739854978,573710000
2022-09-01,13.914613723754883,14.356901987282448,13.248685287003793,14.186176179149008,1178865000
2022-09-02,13.625080108642578,14.148237660215658,13.569169349058186,14.07735255557611,743157000
2022-09-06,13.443370819091797,13.756866558635831,13.329553621636906,13.70894332767748,535751000
2022-09-07,13.696040153503418,13.819878314045399,13.328522048866603,13.545237877389667,512657000
2022-09-08,13.971678733825684,13.989655763301307,13.35149264648823,13.441373984164738,624873000
2022-09-09,14.368157386779785,14.455043335947318,14.107499539277185,14.1384581232082,486612000
2022-09-12,14.486003875732422,14.527948688246315,14.179405773307693,14.350182305946856,484159000
2022-09-13,13.113801956176758,13.903766352893664,13.081844277875383,13.78392363062557,714956000
2022-09-14,13.11080551147461,13.27259303050405,12.896086961061801,13.236639931022435,588507000
2022-09-15,12.912069320678711,13.215671132338676,12.773251402722765,12.997957145239825,523625000
2022-09-16,13.180715560913086,13.194697165247513,12.600476123758247,12.725312420987274,670751000
2022-09-19,13.364474296569824,13.445368542937578,12.99296174366855,12.994958979609367,569685000
2022-09-20,13.158745765686035,13.465343911425606,13.039902113440293,13.197695205969652,524818000
2022-09-21,13.243632316589355,14.012624337752102,13.092830051959995,13.195695797303914,807679000
2022-09-22,12.544549942016602,13.131780192367279,12.41172469834498,13.052883178633808,759162000
2022-09-23,12.499608993530273,12.594484849369591,12.240948352013458,12.403734995875771,663309000
2022-09-26,12.21198558807373,12.64242184812588,12.198003983784714,12.474641644232314,547343000
2022-09-27,12.396742820739746,12.719319742448128,12.241946090666989,12.490619571943231,553854000
2022-09-28,12.719321250915527,12.806207210789621,12.337821540927935,12.393747960630728,542414000
2022-09-29,12.203997611999512,12.48363067238174,11.930356260034026,12.43169872306821,532763000
2022-09-30,12.123104095458984,12.616457643964583,12.05918777299638,12.071172142984711,565638000
2022-10-03,12.495613098144531,12.661396053420196,12.089145605693762,12.33082923699565,547478000
2022-10-04,13.149755477905273,13.20268651528483,12.862132554319986,12.862132554319986,584182000
2022-10-05,13.191701889038086,13.303555685075708,12.604472555223252,12.894092749837501,507131000
2022-10-06,13.11280345916748,13.638114568042825,13.085838394985783,13.202685736539443,644157000
2022-10-07,12.060186386108398,12.653408390945094,12.006257199525558,12.48862450071268,672478000
2022-10-10,11.654718399047852,12.10812341333351,11.393061400016952,12.021237445104713,698699000
2022-10-11,11.57082748413086,11.830486265809176,11.268223841612809,11.545859652529316,667482000
2022-10-12,11.484940528869629,11.719632448977713,11.330143771029212,11.563837549253588,492590000
2022-10-13,11.9443359375,12.06218142250349,10.798837859501226,10.956630918111395,850103000
2022-10-14,11.212298393249512,12.095140613196103,11.189328748128137,12.041211425664171,713432000
2022-10-17,11.872429847717285,11.932351684916148,11.501916408490736,11.502914550195962,580774000
2022-10-18,11.951327323913574,12.475639372211802,11.602784417601008,12.327833437876679,659362000
2022-10-19,12.03521728515625,12.333826444729338,11.818501467347717,11.863442610170829,523131000
2022-10-20,12.178030967712402,12.752277756580911,12.089146821227374,12.09713671776913,652398000
2022-10-21,12.449673652648926,12.481632285200682,11.871432413251382,12.0821555690685,609494000
2022-10-24,12.582500457763672,12.69335515427323,12.048201240588062,12.491620026626292,517457000
2022-10-25,13.243632316589355,13.28258175046069,12.647414059994293,12.677375456026189,505482000
2022-10-26,12.879112243652344,13.370467582837385,12.691358709095725,12.852148126630082,532953000
2022-10-27,13.158745765686035,13.819879536767937,13.104816577345671,13.61215172838995,583113000
2022-10-28,13.815882682800293,13.831862475965329,13.043895236732384,13.086839145065817,521040000
2022-10-31,13.479323387145996,13.819877352516734,13.27958550774582,13.759955512484012,486341000
2022-11-01,13.525263786315918,13.90676347391886,13.50129505001384,13.792912452696658,432817000
2022-11-02,13.201687812805176,14.191390140892414,13.1936988689507,13.83186195195651,672628000
2022-11-03,13.403424263000488,13.762953440077196,12.939033996652151,13.02591996046557,500065000
2022-11-04,14.137459754943848,14.21036409974022,13.679060329272222,13.967682330980322,612576000
2022-11-07,14.282271385192871,14.393126083132001,13.93572663883021,14.209367030009965,410061000
2022-11-08,14.582878112792969,14.87149920944687,14.197382968646812,14.781616917016805,595292000
2022-11-09,13.75795841217041,14.192389137520287,13.740980477958338,14.143452570833958,454414000
2022-11-10,15.729373931884766,15.75234357507586,14.527949302036653,14.78061823441489,700819000
2022-11-11,16.305622100830078,16.367541196163586,15.461729177310234,15.78630345192753,655487000
2022-11-14,16.27366065979004,16.51834065367654,15.901148984019148,16.1967618318074,527852000
2022-11-15,16.64417266845703,16.975736669946382,16.360544231088024,16.70009908063956,545876000
2022-11-16,15.889163970947266,16.340571692497278,15.85221272363111,16.140834757175984,649547000
2022-11-17,15.656469345092773,16.244698687867267,15.514655111106975,15.694419686718572,710894000
2022-11-18,15.388821601867676,15.981045452536414,15.100199550162154,15.945091392326727,492072000
2022-11-21,15.2969388961792,15.456729183251523,15.060248842945024,15.127161478058547,404739000
2022-11-22,16.016992568969727,16.036966828930023,15.102192035171068,15.3079225316065,472866000
2022-11-23,16.49736785888672,16.50535870885115,16.02698585665369,16.076919620889132,427241000
2022-11-25,16.248693466186523,16.46540834086165,16.15082223246227,16.29663094123332,167934000
2022-11-28,15.80627155303955,16.335578114870664,15.704405855375358,16.00501033484104,303741000
2022-11-29,15.61851692199707,15.91113338926736,15.499673299124572,15.80627041666049,298384000
2022-11-30,16.90515899658203,16.912151586236597,15.580556739527186,15.680450741353981,565298000
2022-12-01,17.1169376373291,17.24679976152075,16.617464704481463,16.98108131969133,470977000
2022-12-02,16.85820770263672,16.915148722341915,16.42766233403227,16.64143742283547,371389000
2022-12-05,16.59248924255371,16.977083578578082,16.454634243569135,16.661416742045997,352255000
2022-12-06,15.970147132873535,16.555528867031303,15.802324015737545,16.512574928841648,352694000
2022-12-07,16.103010177612305,16.16894059762961,15.650486623430005,15.7553764476407,372388000
2022-12-08,17.150901794433594,17.16089148149892,15.942176334261013,16.255846411030678,515456000
2022-12-09,16.98307991027832,17.564467197257134,16.957108244828135,17.141912716034206,465338000
2022-12-12,17.516517639160156,17.519514736231685,16.779296541065285,17.019043348066607,457328000
2022-12-13,18.05295181274414,18.770195420423224,17.692332261799088,18.51146764054295,656589000
2022-12-14,17.655372619628906,18.232764469083662,17.40164060757752,17.968042465025786,496888000
2022-12-15,16.93412971496582,17.30174181827522,16.682396458224076,17.127925453761733,478542000
2022-12-16,16.553531646728516,17.023037438901543,16.392702058076296,16.846223968965074,478232000
2022-12-19,16.236867904663086,16.591493275422224,16.127983538157395,16.55453352352838,354039000
2022-12-20,16.068044662475586,16.292807881891594,15.835291407365762,16.047066889019305,403260000
2022-12-21,16.48360252380371,16.60947103919092,16.08502301997595,16.097011404935554,325025000
2022-12-22,15.322831153869629,16.120989680017022,14.866313091281313,16.077035434762546,565045000
2022-12-23,15.189970970153809,15.322830189395079,14.867311505326436,15.17998128298212,349326000
2022-12-27,14.106115341186523,15.08408346858157,14.041183324202558,15.058110852321793,464902000
2022-12-28,14.02120590209961,14.246967523902235,13.869365687694097,13.912320585471353,351066000
2022-12-29,14.587607383728027,14.667522983450695,14.2120042555653,14.38681998720955,354923000
2022-12-30,14.59859561920166,14.613579197907772,14.217996715226494,14.318890082879692,310490000
2023-01-03,14.299910545349121,14.980193431350457,14.081141524221861,14.835345814456593,401277000
2023-01-04,14.733449935913086,14.837340381653917,14.225986092283966,14.551642608535502,431324000
2023-01-05,14.24996280670166,14.548647400640538,14.13308556373845,14.475724399761354,389168000
2023-01-06,14.843338012695312,14.994178873357656,14.019207798039817,14.458743594966384,405044000
2023-01-09,15.611525535583496,16.03907384357529,15.125038456294371,15.267888310654865,504231000
2023-01-10,15.892228126525879,15.945171747578646,15.455688565080475,15.490651513449073,384101000
2023-01-11,15.984131813049316,16.011103777484436,15.546593810156406,15.823302234215715,353285000
2023-01-12,16.49359703063965,16.619463677480493,15.475671006700845,16.083030927179784,551409000
2023-01-13,16.881187438964844,16.904163911762296,16.147961873227626,16.260841726815173,447287000
2023-01-17,17.683338165283203,17.709311731541334,16.881185193204846,16.881185193204846,511102000
2023-01-18,17.358684539794922,17.85416011409162,17.263783455353824,17.64837787383118,439624000
2023-01-19,16.74732780456543,17.17887355641003,16.713365152180454,17.018042058487556,452932000
2023-01-20,17.820199966430664,17.83718224808323,16.807268694087977,16.993071584238688,564967000
2023-01-23,19.172765731811523,19.224710954262285,17.799215385779757,18.044954413779777,655163000
2023-01-24,19.244693756103516,19.474452780290186,18.80016309844602,18.807155689842816,496204000
2023-01-25,19.30263328552246,19.349584631047886,18.56041638575592,18.893065582760745,449537000
2023-01-26,19.781124114990234,20.14474069411191,19.257676365647274,19.680230760238217,489535000
2023-01-27,20.343536376953125,20.606259679709748,19.384549069498867,19.44148820256033,542142000
2023-01-30,19.141799926757812,20.11876764644554,19.129811540746857,19.928969317759073,488611000
2023-01-31,19.516408920288086,19.66625044123853,18.93002771708951,19.149795154127606,498017000
2023-02-01,20.92092514038086,21.169661317208572,19.59032844677635,19.670244043953495,660477000
2023-02-02,21.68611717224121,21.9258639706003,20.67818184085696,20.97786486247128,564276000
2023-02-03,21.0777587890625,21.72207934933685,20.767085792265146,20.977863818383533,429366000
2023-02-06,21.066770553588867,21.54726252016348,20.764088546903054,20.78406792196353,452197000
2023-02-07,22.149627685546875,22.235537474634327,21.12770531761483,21.3594611160502,664150000
2023-02-08,22.181591033935547,22.853881881192613,21.98479821168747,22.363398373809797,559651000
2023-02-09,22.313453674316406,22.995734263923605,22.0966833667124,22.582171117953777,523876000
2023-02-10,21.242582321166992,22.05472500108008,20.789062350237074,21.667135439240298,550737000
2023-02-13,21.765031814575195,22.024757958584203,20.93990234696834,21.515295357490146,474919000
2023-02-14,22.946786880493164,23.02470377641566,21.343477267064582,21.555253690620347,675474000
2023-02-15,22.739999771118164,22.83090343317728,22.082694463199154,22.52522629397233,420575000
2023-02-16,21.97880744934082,22.526228206382104,21.903885748285937,22.109667968901128,412026000
2023-02-17,21.365453720092773,21.717081932888007,20.9528889890741,21.60819758522636,465888000
2023-02-21,20.633224487304688,21.471338740374534,20.596262840309503,20.97786007402784,410015000
2023-02-22,20.732120513916016,21.08175191942392,20.399471384893207,20.6851710833237,513184000
2023-02-23,23.639055252075195,23.862820062689913,23.0007288852004,23.415292346798566,1117995000
2023-02-24,23.26144790649414,23.449251321292056,22.922806532380307,23.200513303547392,589716000
2023-02-27,23.476226806640625,23.854827009250346,23.429277371082858,23.645049286961875,452994000
2023-02-28,23.1915225982666,23.79988167813237,23.181532912788306,23.347358262120196,455963000
2023-03-01,22.674072265625,23.23148459935281,22.484272025585433,23.167550984389926,460026000
2023-03-02,23.289424896240234,23.355355313247546,22.40835460483908,22.464297239112163,389415000
2023-03-03,23.86481285095215,23.874802536880523,23.10561386843544,23.29541409039906,412393000
2023-03-06,23.529172897338867,24.22243969976959,23.462242179784383,23.865817563448918,437429000
2023-03-07,23.26740074157715,24.103660267777396,23.220441431129053,23.5791250368648,515154000
2023-03-08,24.159616470336914,24.178600674804873,23.40328591678648,23.46622993139967,513573000
2023-03-09,23.415273666381836,24.432372980969312,23.36231913782545,24.153618497967933,501257000
2023-03-10,22.94468879699707,23.60610394776299,22.705899859992172,23.388296345871805,474866000
2023-03-13,22.945688247680664,23.277395355394315,22.2772811984554,22.73187871576052,421890000
2023-03-14,24.041715621948242,24.197577774691457,23.439248344671885,23.475217706481274,474910000
2023-03-15,24.206575393676758,24.264522761670406,23.339342950856263,23.739987409538738,524486000
2023-03-16,25.518407821655273,25.565365225905747,23.872863426440126,24.005747106314715,583253000
2023-03-17,25.702245712280273,26.375649322099584,25.64529501788219,25.959018356234978,848547000
2023-03-20,25.877094268798828,26.000985154949564,25.1077747813069,25.592346468540175,432747000
2023-03-21,26.175827026367188,26.368657115310835,25.35855164040249,26.15684473087792,547408000
2023-03-22,26.444591522216797,27.56460037448036,26.213794924295495,26.40162837848802,797295000
2023-03-23,27.166950225830078,27.474678371614985,26.66639389662088,27.091017232493737,564889000
2023-03-24,26.75531578063965,27.14297311837725,26.331690982855743,27.007093717949058,454920000
2023-03-27,26.507532119750977,26.976117128214934,26.34167858929791,26.81326120327941,361026000
2023-03-28,26.386642456054688,26.4895520016458,25.8271382618564,26.42361038825946,356104000
2023-03-29,26.96013832092285,27.054055063065416,26.573481399388374,26.80128042790201,393694000
2023-03-30,27.35877799987793,27.474676521126977,27.078026419046342,27.204914890179356,364516000
2023-03-31,27.752431869506836,27.809380660660256,27.08102536446216,27.115994254760153,433933000
2023-04-03,27.940265655517578,27.97523454624746,27.311822283407086,27.48466960367856,398716000
2023-04-04,27.4287166595459,27.97523371673916,27.282845889494656,27.941263393705515,368592000
2023-04-05,26.85722541809082,26.97412061023067,26.371655203421952,26.80527136414144,515015000
2023-04-06,27.01308822631836,27.056049463902667,26.403627120957175,26.56048785327074,397654000
2023-04-10,27.55460548400879,27.59656814998943,26.645410576438564,26.79927368503425,395279000
2023-04-11,27.144969940185547,27.765420962103274,27.102006799330113,27.699479353630412,314378000
2023-04-12,26.4715633392334,27.44370219574786,26.424604031245995,27.345789313498337,446259000
2023-04-13,26.43959617614746,26.863220988471518,26.305715810309646,26.710356419535284,353615000
2023-04-14,26.734331130981445,26.85922056456347,26.196806902127364,26.480556091603322,395660000
2023-04-17,26.978116989135742,26.98211316139373,26.409620037298097,26.541503250119483,321471000
2023-04-18,27.642532348632812,28.085141371824708,27.332807032476975,27.508651980444906,604812000
2023-04-19,27.90629768371582,27.975236904297546,27.20791647127858,27.336802094498506,358660000
2023-04-20,27.080026626586914,28.00520817494305,26.976118523026464,27.64652455149464,427713000
2023-04-21,27.095016479492188,27.158960962765864,26.69836821134885,26.928164350822538,345103000
2023-04-24,27.018081665039062,27.341794498427166,26.647409518060194,26.989107985798988,339282000
2023-04-25,26.217792510986328,27.222903354703707,26.201807819523317,27.05405218790828,378527000
2023-04-26,26.932157516479492,27.305827272348722,26.68138006807285,26.978118263771744,406337000
2023-04-27,27.201921463012695,27.470684568616697,26.601453148375764,27.338801338428016,377161000
2023-04-28,27.724458694458008,27.73344960649909,27.047056930698307,27.20092196442208,292216000
2023-05-01,28.884429931640625,29.03229974718171,27.755430216862095,27.81537661530885,570329000
2023-05-02,28.185049057006836,28.810496754933304,28.058162478439368,28.654634590232256,402730000
2023-05-03,27.77741050720215,28.341911325325526,27.44770245263645,27.815377004737694,383387000
2023-05-04,27.53762435913086,27.834360670007325,27.215908633799796,27.62654444288627,321850000
2023-05-05,28.654634475708008,28.72956699907564,27.70647440681242,27.801389698676097,361494000
2023-05-08,29.12521743774414,29.19415665691401,28.324927166645555,28.49677402553214,344979000
2023-05-09,28.545730590820312,28.947375483780448,28.424839220758987,28.87344152488721,314869000
2023-05-10,28.859453201293945,29.087252189450044,28.435828416964906,28.97934600141485,369350000
2023-05-11,28.552722930908203,28.92439555714759,28.221017746526314,28.870442464415532,322149000
2023-05-12,28.31493377685547,28.75454513594309,28.02119319112188,28.503765785473174,274222000
2023-05-15,28.927392959594727,28.943379556146176,28.127102678492278,28.48278682439075,293926000
2023-05-16,29.187156677246094,29.843576970026422,28.80649510821954,28.815486018406958,449405000
2023-05-17,30.15130615234375,30.172287485743233,29.403968588740156,29.557831700336376,432535000
2023-05-18,31.64998435974121,31.799851322804358,30.293185535146684,30.383106094116936,748725000
2023-05-19,31.23634910583496,31.55206961057156,30.888657314495276,31.508107900453748,473908000
2023-05-22,31.148427963256836,31.492123586083498,30.652866345174697,30.8736696538163,372000000
2023-05-23,30.660856246948242,31.260325929202107,30.603907456096916,30.972580557946717,356253000
2023-05-24,30.510990142822266,30.579929358273947,29.77963722467679,30.183279227752074,721419000
2023-05-25,37.946407318115234,39.44508061098546,36.60259571255149,38.488926318360186,1543911000
2023-05-26,38.911556243896484,39.13535716800428,37.516790924073234,37.8564903887327,714397000
2023-05-30,40.075523376464844,41.90090712766281,39.91366790954096,40.559096455146374,923401000
2023-05-31,37.80052947998047,40.259350872876006,37.788539059197795,39.45306558470878,1002580000
2023-06-01,39.73482131958008,40.01457242184314,38.30608594218301,38.45495240408073,635873000
2023-06-02,39.292213439941406,40.46417621230153,39.02345037446548,40.061532803064914,482731000
2023-06-05,39.1363525390625,39.53000121935848,38.67276227118168,38.87458325572637,396094000
2023-06-06,38.619808197021484,39.125361136510946,38.11425525753202,38.79565501764921,388729000
2023-06-07,37.44572448730469,39.46814549212033,37.32681796379226,38.88460205575025,511998000
2023-06-08,38.47991943359375,38.833643027365426,37.47570715034152,37.694534053593046,417772000
2023-06-09,38.73971939086914,39.679982507586125,38.53687882707075,39.0065091445359,427717000
2023-06-12,39.45115661621094,39.49911945587758,38.58783312564601,39.16937922135142,388701000
2023-06-13,40.989952087402344,41.068892749407915,39.708955931009875,40.15460665235431,613208000
2023-06-14,42.96342086791992,42.96641687824926,40.52032691306219,40.7921176516414,740465000
2023-06-15,42.619686126708984,43.2551909701653,42.11408081517457,42.56872727104233,568622000
2023-06-16,42.65864562988281,43.68684099042033,42.62766780743099,43.41605281707227,655709000
2023-06-20,43.77378463745117,43.95564551444472,42.64067141901623,42.96441968644821,451153000
2023-06-21,43.011375427246094,43.58093370313804,42.04713285457767,43.467020523272616,551603000
2023-06-22,42.991390228271484,43.39207412960286,42.20100779460612,42.21999014630877,417737000
2023-06-23,42.17603302001953,42.77556287564385,41.98218429643555,42.430834923932906,358140000
2023-06-26,40.60026550292969,42.730600334546075,40.06867951218722,42.42783558135576,594322000
2023-06-27,41.84328842163086,41.907237605323324,40.416406298926006,40.76713004512084,462175000
2023-06-28,41.08488845825195,41.81232053515092,40.48635724932419,40.62824464055819,582639000
2023-06-29,40.79011535644531,41.567507592478876,40.568288623316235,41.5255405787365,380514000
2023-06-30,42.268959045410156,42.516766447959405,41.46858596097829,41.64744701058792,501148000
2023-07-03,42.37986373901367,42.864485450578925,42.169030043008505,42.48378258219759,198209000
2023-07-05,42.2839469909668,43.143272032107916,42.0521259526018,42.102086134617814,323618000
2023-07-06,42.07011795043945,42.146058807449926,41.31370920237291,41.81132135922697,303582000
2023-07-07,42.46979904174805,43.18024602401447,42.14705329030634,42.288940665727566,355881000
2023-07-10,42.14705276489258,42.7775603980854,41.61646549525351,42.6236813610569,353908000
2023-07-11,42.37187194824219,42.72459682462769,42.03413855568288,42.447812790415895,298244000
2023-07-12,43.86770248413086,43.90067764855856,42.74358137770357,42.99938189898188,481277000
2023-07-13,45.94108963012695,46.118948189485444,44.457248919012514,44.48322958682048,478204000
2023-07-14,45.4334831237793,48.05043674269067,45.024802222527654,46.546611323884825,772075000
2023-07-17,46.424705505371094,46.45967801263674,45.22664460524396,46.252842790646994,510488000
2023-07-18,47.4568977355957,47.85858412490547,45.69827430374762,46.66451794958182,569164000
2023-07-19,47.040225982666016,47.780648286916495,46.705488579051746,47.4269247186503,427502000
2023-07-20,45.48444366455078,47.05022098399054,45.02680123666584,46.470672206647684,537865000
2023-07-21,44.274383544921875,45.83017022227141,44.065547183409265,45.752228229130395,963769000
2023-07-24,44.57715606689453,45.0737695401444,44.00560422049565,44.69606260557121,382516000
2023-07-25,45.64331817626953,46.14692227530892,44.887908215993086,44.90589571026622,348081000
2023-07-26,45.41649627685547,46.017028562917005,44.59513975878737,45.985052064508444,364237000
2023-07-27,45.8641471862793,47.35797831429428,45.71426283263286,46.48266314205839,455976000
2023-07-28,46.71348571777344,46.99026979268205,46.344774445154044,46.63154903236518,331194000
2023-07-31,46.69249725341797,47.093184983951005,46.4696718790696,46.71747924909827,251055000
2023-08-01,46.470664978027344,46.86335949014656,45.99104044985937,46.42370081387156,237858000
2023-08-02,44.23442077636719,45.80419275361582,43.35310977121058,45.79520091213266,530142000
2023-08-03,44.480224609375,45.08275419071188,43.765783009489404,43.765783009489404,324176000
2023-08-04,44.64509963989258,45.60634618505477,44.35832507301121,44.94986170170467,362666000
2023-08-07,45.381526947021484,45.504431975857,44.528193870776704,45.07576619174701,322154000
2023-08-08,44.629119873046875,45.20666758358326,44.02159299987499,44.817971444919216,353843000
2023-08-09,42.52075958251953,44.277385732589195,42.101085685540646,44.23941340389369,586449000
2023-08-10,42.35489273071289,43.53996721168232,41.80232325660613,42.12707017302428,492705000
2023-08-11,40.823089599609375,41.985183246912044,40.607258703595875,41.71838968414298,533085000
2023-08-14,43.71882629394531,43.76579047022575,40.279517041963544,40.454379600754656,690286000
2023-08-15,43.90568161010742,45.2326473732039,43.67586169687328,44.52520013627042,676512000
2023-08-16,43.452030181884766,44.640100549597996,43.372090845714155,44.48522285041412,527451000
2023-08-17,43.310142517089844,44.02758013920778,42.96740814260929,43.93565295261865,452395000
2023-08-18,43.265174865722656,43.543956241722725,41.627455303744846,42.60169211486707,583768000
2023-08-21,46.93031311035156,47.028236135596124,44.187458298338946,44.45924519865085,692573000
2023-08-22,45.63233184814453,48.14936547616456,45.29759440317979,48.09740413737571,755293000
2023-08-23,47.07920455932617,47.16313859123231,45.17269372042857,45.83018078207806,779046000
2023-08-24,47.12615966796875,50.22673658703904,47.12216498787686,50.17677640386691,1156044000
2023-08-25,45.982051849365234,47.767654577471944,44.98882507843675,46.975274808576536,925341000
2023-08-28,46.79841232299805,46.94329950869456,44.85293469135501,46.44568744065352,685192000
2023-08-29,48.74589538574219,49.04266428440614,46.35476299443785,46.62954971759292,701397000
2023-08-30,49.225521087646484,49.88800143615993,48.387175707748206,49.005691704274305,735206000
2023-08-31,49.31645202636719,49.70514814643913,48.9197627338808,49.34143402541549,528570000
2023-09-01,48.471107482910156,49.76109942188399,48.10439357486219,49.72313090360501,463830000
2023-09-05,48.51008224487305,48.81284699146263,47.82261987711322,48.18533532160486,382653000
2023-09-06,47.028114318847656,48.515073458793,46.547451450862816,48.40715103407181,468670000
2023-09-07,46.20869064331055,46.311619313403384,45.120450870903866,45.4931913383561,433330000
2023-09-08,45.54015350341797,46.57343135473317,45.239365149462806,45.909897697113266,473069000
2023-09-11,45.14643096923828,46.13073944810292,44.2810350025815,46.11575054004364,473966000
2023-09-12,44.838645935058594,45.64108624011381,44.49988211053749,44.70673820080512,349256000
2023-09-13,45.453216552734375,45.89790529019353,44.47190049902718,44.56883283924793,398355000
2023-09-14,45.54914855957031,45.95486307158811,45.099462264257156,45.91789017811765,370097000
2023-09-15,43.869319915771484,45.567129987886304,43.777381347712456,45.30931088292171,506831000
2023-09-18,43.93527603149414,44.211084137750255,41.97065027461465,42.71812866784668,500271000
2023-09-19,43.48958969116211,43.93527718281478,42.971950102234956,43.80237069955783,373064000
2023-09-20,42.2094841003418,43.872322851544475,42.19349643912847,43.5695331686225,367108000
2023-09-21,40.98833084106445,42.07057409765555,40.951357951314904,41.55393714518858,450736000
2023-09-22,41.580928802490234,42.085577039704084,41.202191983473384,41.54295333933315,479236000
2023-09-25,42.1924934387207,42.506273177622504,41.14822175071883,41.56193389222181,419091000
2023-09-26,41.881710052490234,42.79007519984935,41.62588843808872,41.97164730902177,402282000
2023-09-27,42.438323974609375,42.84204482057062,41.59991333679484,42.30042372625329,444935000
2023-09-28,43.05889129638672,43.41564027932202,42.085572876608914,42.43032920794071,424663000
2023-09-29,43.468605041503906,44.113154796580034,43.276737862234015,43.79637496273023,397830000
2023-10-02,44.750709533691406,45.143432663496135,43.830351660184725,43.99923228856128,433298000
2023-10-03,43.48658752441406,45.098463094837925,43.2157769974795,44.77668570728605,470850000
2023-10-04,44.010223388671875,44.112153297816725,43.26174626009731,43.71143255099348,361821000
2023-10-05,44.65677261352539,44.868626271295504,43.85733240049327,44.01921794767318,393483000
2023-10-06,45.73002624511719,45.757007806644154,43.99523916079719,44.16212229169967,434436000
2023-10-09,45.24136734008789,45.573136109277975,44.33700086795517,44.810668716384285,409675000
2023-10-10,45.765995025634766,46.22667139823051,45.05649211437215,45.27833709467453,368582000
2023-10-11,46.77329635620117,46.82626072787499,46.01782405573412,46.16372195389678,378137000
2023-10-12,46.912193298339844,47.575730741552675,46.297625211200135,46.74431143305413,481325000
2023-10-13,45.429229736328125,47.08307579073531,45.24835646569822,46.92718276252737,474115000
2023-10-16,46.06278991699219,46.192696327999904,44.880614130194836,45.0315095868921,375099000
2023-10-17,43.90730285644531,44.722734656513275,42.450321291409665,43.96925981519668,812333000
2023-10-18,42.16651153564453,43.18879926057118,41.79577241593963,42.5612359572998,627294000
2023-10-19,42.07158660888672,43.26675013363428,41.85273785103801,42.781089631153165,501233000
2023-10-20,41.35807800292969,42.44032133844881,41.0492920242925,41.860724837875836,477266000
2023-10-23,42.944969177246094,43.217781037891605,40.91638888400306,41.20019083203981,478530000
2023-10-24,43.63248825073242,43.66646488934986,42.66117113532344,43.04689918780669,401463000
2023-10-25,41.74980163574219,43.619496263453854,41.52595915637694,43.367669662136635,398379000
2023-10-26,40.297821044921875,42.22647269652664,39.852133556535904,41.8237544285133,541001000
2023-10-27,40.47170639038086,41.1772144542264,39.987044605163476,41.1012673349336,416784000
2023-10-30,41.13223648071289,41.73681325645553,40.45271135167305,41.05829069172662,388028000
2023-10-31,40.751502990722656,40.85043664876845,39.20258684468398,40.42173556666503,517969000
2023-11-01,42.29542922973633,42.35138985981638,40.840445223590976,40.8554341335007,437593000
2023-11-02,43.47560119628906,43.85333542629518,42.864029312260996,43.297724168934685,409172000
2023-11-03,44.97355270385742,45.27733731815709,43.69244703893823,43.989240387189966,424610000
2023-11-06,45.71902847290039,45.90290181424292,44.867622664486824,45.25335451197863,400733000
2023-11-07,45.92288589477539,46.18569877151303,45.126441998746536,45.68705076383751,343165000
2023-11-08,46.54145812988281,46.834252666745705,45.93587876150922,46.067786497149605,346719000
2023-11-09,46.91719055175781,48.19629482563236,46.71732955595706,47.43382754729244,540496000
2023-11-10,48.30121994018555,48.43812523395567,47.249956995666594,47.46680439879944,421245000
2023-11-13,48.58602523803711,49.08168084897678,48.065389383307924,48.28623562834099,384136000
2023-11-14,49.621299743652344,49.799176764113575,49.00573287416369,49.645285046741414,416954000
2023-11-15,48.853843688964844,49.925093307072636,48.16632465148742,49.900113061154364,475497000
2023-11-16,49.44542694091797,49.490397480832705,48.296232754650504,48.64498792594149,339756000
2023-11-17,49.26355743408203,49.68226341163358,48.9727603803161,49.489397461523026,325205000
2023-11-20,50.37377166748047,50.51267446523686,49.14662922458695,49.27753819263548,414120000
2023-11-21,49.909095764160156,50.481693358553215,49.18760022799973,50.09096777649301,565747000
2023-11-22,48.68195724487305,50.29982538193606,47.6566732297451,49.81716500278888,899420000
2023-11-24,47.74261474609375,48.886815068886136,47.711634365879085,48.43613001762004,294645000
2023-11-27,48.20828628540039,48.496083215098835,47.618698458972716,47.766593838676684,395662000
2023-11-28,47.7875862121582,48.28923817471284,47.439829789625705,48.20229716306376,401491000
2023-11-29,48.10636520385742,48.72793227517069,47.826562052543174,48.34520044689955,382005000
2023-11-30,46.73731994628906,48.07638377452515,46.3895635380406,47.990441518765145,526247000
2023-12-01,46.73232650756836,47.16702396235708,46.1547312180282,46.49249632095064,369317000
2023-12-04,45.47819900512695,46.044804165615915,44.97854837139348,46.044804165615915,437543000
2023-12-05,46.53755187988281,46.57152769132749,45.24334109197845,45.43822164958941,371718000
2023-12-06,45.47520446777344,47.35805637744802,45.3842604483653,47.18616055304672,380590000
2023-12-07,46.56753158569336,46.600512368918565,45.57613709541874,45.67207911260122,350823000
2023-12-08,47.47697830200195,47.71183534651791,46.52156105756746,46.566535548739374,359224000
2023-12-11,46.59851837158203,47.50196552269277,45.80200812005124,47.46199285274284,509728000
2023-12-12,47.62788391113281,47.63687728383164,46.017868142614965,46.017868142614965,372387000
2023-12-13,48.058624267578125,48.56431567041087,47.5789179572985,47.59990503689136,447792000
2023-12-14,48.320465087890625,48.640269318911756,47.3930343428762,48.36044156986005,391232000
2023-12-15,48.860137939453125,49.37382393315781,48.0906077891267,48.16456390223083,479948000
2023-12-18,50.04640579223633,50.4021872923408,49.1199739909024,49.369821256751614,412587000
2023-12-19,49.57369613647461,49.66963815936467,48.865129643017234,49.39380579664743,464444000
2023-12-20,48.08161163330078,49.96845884341608,48.06861908632006,49.62466720561467,397894000
2023-12-21,48.9600715637207,49.06500695718709,48.389417453965386,48.781180068606574,300425000
2023-12-22,48.80016326904297,49.35282293777264,48.437382312145466,49.16493809347226,252507000
2023-12-26,49.24889373779297,49.56969677808233,48.930088377699356,48.93808291084912,244200000
2023-12-27,49.38681411743164,49.64965395545636,49.05501618312312,49.480758467753716,233648000
2023-12-28,49.49174880981445,49.85352719386826,49.38181539341571,49.6126770927999,246587000
2023-12-29,49.49174880981445,49.96646094313931,48.72121986722186,49.7825714182401,389293000
2024-01-02,48.13856887817383,49.26487918925224,47.565920930034586,49.213911661432995,411254000
2024-01-03,47.539939880371094,48.15456203597886,47.2910914479061,47.45599156277329,320896000
2024-01-04,47.96867752075195,48.47036973426666,47.478975200634494,47.73781584044559,306535000
2024-01-05,49.0670051574707,49.516731000212985,48.27648803927744,48.43239477719924,415039000
2024-01-08,52.2210807800293,52.24307051371221,49.44877695414858,49.48175774230581,642510000
2024-01-09,53.10753631591797,54.291813775257275,51.658421354299875,52.368989354850214,773100000
2024-01-10,54.31679916381836,54.56664645309511,53.45632503855136,53.58325017590931,533796000
2024-01-11,54.78850555419922,55.312187494704844,53.527279337957886,54.965399369459846,596759000
2024-01-12,54.676578521728516,54.93642183109273,54.29681339629927,54.58663334731275,352994000
2024-01-16,56.347557067871094,56.800279452629056,54.86646395445467,54.984391900558016,449580000
2024-01-17,56.018760681152344,56.43650460830921,54.706563019184806,56.312579806380306,474394000
2024-01-18,57.072113037109375,57.5648119047759,56.07272391506558,57.225019450786334,491650000
2024-01-19,59.45465850830078,59.46365188180549,57.19004013784853,57.95357335479518,543501000
2024-01-22,59.6175537109375,60.294142049642225,59.03391087179113,60.012312843126566,452955000
2024-01-23,59.83642578125,59.8734019281728,58.549210583878605,59.53360947543731,294654000
2024-01-24,61.32451248168945,62.810603561548206,59.901382639629475,60.26716017281773,560271000
2024-01-25,61.5793571472168,62.680685096135214,60.81282362309359,62.3119072339738,482777000
2024-01-26,60.99371337890625,61.74525668401416,60.535996808090815,60.92275760795634,390309000
2024-01-29,62.426841735839844,62.450825336358335,60.869794823781135,61.1945932389414,348733000
2024-01-30,62.73564910888672,63.45421163481392,62.221963176710254,62.861575397836866,410735000
2024-01-31,61.48941421508789,62.230961514394274,60.66291975637589,61.40246556305648,453795000
2024-02-01,62.98849868774414,63.1523999678792,61.61234096321601,62.06206301871128,369146000
2024-02-02,66.11958312988281,66.55930912654547,63.65108714697043,63.93491403332179,476578000
2024-02-05,69.2896499633789,69.45455008972388,67.16395031831868,68.1833239064927,680078000
2024-02-06,68.18132019042969,69.71138308978904,66.25949848302591,69.58745829595591,683111000
2024-02-07,70.0561752319336,70.17710350841662,67.5587013332111,68.2772638618389,495575000
2024-02-08,69.59844970703125,70.75074512715133,69.412566337875,70.03118381151026,414422000
2024-02-09,72.08893585205078,72.14089841148939,70.16910418058404,70.48990722179018,436637000
2024-02-12,72.20386505126953,74.56542046599529,71.2064736279646,72.55564739281085,613710000
2024-02-13,72.08393859863281,73.40512964528038,69.57747501499297,70.3569973280816,602580000
2024-02-14,73.85486602783203,74.19065934700839,71.89406636072601,73.15729429339046,504917000
2024-02-15,72.61360931396484,73.92980608164119,72.35577132172895,73.82387565740021,420122000
2024-02-16,72.56863403320312,74.35654245789623,72.45670295069786,74.05472502125532,495327000
2024-02-20,69.4095687866211,71.91203666406658,67.69261615478561,71.90303947909813,704833000
2024-02-21,67.43077850341797,68.84591377259603,66.20752727493073,67.96444884340175,673755000
2024-02-22,78.49002838134766,78.52700071768926,74.17466516688725,74.97917375100998,865100000
2024-02-23,78.76885223388672,82.34366290568272,77.5226123761237,80.74064650613892,829388000
2024-02-26,79.04368591308594,80.596737435313,78.4570388969918,79.65130857177527,503973000
2024-02-27,78.65292358398438,79.43145470230726,77.11486980989693,79.33250852556469,391705000
2024-02-28,77.61554718017578,78.88476781049101,77.07787390422563,77.57257418666705,393110000
2024-02-29,79.06367492675781,79.9411369643908,78.30213934805526,79.04568817875618,507289000
2024-03-01,82.2287368774414,82.24972776986829,79.38647244624788,79.95112973995113,479135000
2024-03-04,85.18492126464844,87.6414196546175,83.6678509917937,84.07859536447201,615616000
2024-03-05,85.91551208496094,86.04844030428545,83.36995155382468,85.22190326590307,520639000
2024-03-06,88.64997863769531,89.67340327370732,86.98092218791462,87.97236718689258,582520000
2024-03-07,92.61672973632812,92.71467403344542,89.55145830366479,90.10714445366249,608119000
2024-03-08,87.47862243652344,97.34505496163638,86.45719580850812,95.0843299936833,1142269000
2024-03-11,85.72562408447266,88.74691405918401,84.11852931570184,86.3802534333582,678364000
2024-03-12,91.86115264892578,91.90812320755647,86.10140314701876,87.99933396950749,668075000
2024-03-13,90.83673095703125,91.45238079004136,88.38511175577527,91.00363657004534,635713000
2024-03-14,87.89439392089844,90.5948732884495,86.55115025815236,89.52647603225017,602318000
2024-03-15,87.78746032714844,89.49549613199862,86.20835719890029,86.88097416830968,642086000
2024-03-18,88.40510559082031,92.35287440054489,87.03587564379455,90.33701387030251,668976000
2024-03-19,89.34757995605469,90.49292967987033,84.9620544077868,86.65109602123033,672171000
2024-03-20,90.32102966308594,90.35901024319512,88.17323967680368,89.74634940187569,479063000
2024-03-21,91.3834228515625,92.59574371140432,90.3540050520513,92.2479404308415,480372000
2024-03-22,94.2358169555664,94.72453954495887,90.78276394753543,91.0895899885777,586719000
2024-03-25,94.94841003417969,96.71141493346599,93.45725487677139,93.88801151365493,552136000
2024-03-26,92.50879669189453,96.32064875325118,92.44983185631351,95.79694219210086,513648000
2024-03-27,90.1990966796875,93.18740810778951,89.07273343467564,93.0594819501001,586067000
2024-03-28,90.30503845214844,91.24850624285476,89.14269241707345,89.9492364441801,435212000
2024-04-01,90.3120346069336,92.1729839586744,89.15369169415271,90.24807533872301,452441000
2024-04-02,89.40154266357422,90.04317879660557,87.57057538202243,88.39810360146309,433064000
2024-04-03,88.91382598876953,90.32303448482294,88.35014869042175,88.43410095294554,370067000
2024-04-04,85.8565444946289,90.58288102989088,85.83155707073556,90.35500517909665,434965000
2024-04-05,87.95836639404297,88.4310991932804,85.87753991776991,86.81700456921507,399678000
2024-04-08,87.08384704589844,88.77988827828314,86.68307229452097,88.64995673788222,283220000
2024-04-09,85.30584716796875,87.58556628736338,82.97516956737525,87.39267436773328,501700000
2024-04-10,86.98990631103516,87.35070274664696,83.66178279831279,83.87866326448999,431929000
2024-04-11,90.56488037109375,90.6878120841834,86.8769671038577,87.37068410490238,431637000
2024-04-12,88.1362533569336,90.1241374477614,87.48062516016698,89.64840039712969,426805000
2024-04-15,85.95250701904297,90.5619060136459,85.88054901990306,89.04776086993422,443077000
2024-04-16,87.36569213867188,88.06829089560239,86.01545628049773,86.38424380509475,370453000
2024-04-17,83.98760223388672,88.72492641813315,83.90264346955806,88.29016660250515,495400000
2024-04-18,84.62323760986328,86.14138561304675,82.35552028108327,84.92207255324703,447260000
2024-04-19,76.15702056884766,84.27643922651326,75.56336143765269,83.10310538210794,875198000
2024-04-22,79.47314453125,80.02783178093904,76.35690706369323,78.0599406532052,596341000
2024-04-23,82.37651062011719,82.72231614993429,80.21873169463018,80.7234441336971,438559000
2024-04-24,79.63207244873047,84.03458726895308,79.13834771907712,83.90265792111582,512208000
2024-04-25,82.58539581298828,83.27600032547527,78.17887846781115,78.82351130528671,424641000
2024-04-26,87.6855239868164,88.28118855401848,83.3399763925944,83.7707330936579,551011000
2024-04-29,87.70751953125,87.94238000481042,85.21791921054779,87.54560831747182,388971000
2024-04-30,86.353271484375,88.76890816331654,86.25133163329888,87.19079630766022,363709000
2024-05-01,82.99414825439453,85.9514784070707,81.20915281271795,85.02900264492887,559863000
2024-05-02,85.76860046386719,86.18836175340402,83.15307206256357,84.40136817425811,377898000
2024-05-03,88.73892211914062,89.23064138508623,86.99090805240313,87.73948614559522,398341000
2024-05-06,92.0880355834961,92.16799229625614,89.00477633292259,89.33958648937698,376203000
2024-05-07,90.5029296875,91.72923505394095,88.96080064953647,91.04662159823116,437342000
2024-05-08,90.36101531982422,91.14257199813075,89.36957035953105,89.43253836914545,325721000
2024-05-09,88.69694519042969,91.0206307579062,88.18123739175036,90.47793776117966,378013000
2024-05-10,89.82731628417969,91.34946008980582,89.17668240608715,90.25407745154659,335325000
2024-05-13,90.34801483154297,90.94667600491073,88.47906681215352,90.42696502755186,289680000
2024-05-14,91.30447387695312,91.59930565354625,88.88383529778994,89.54846112262796,296507000
2024-05-15,94.5766372680664,94.8085087048786,91.54734815808854,92.41985698865427,417735000
2024-05-16,94.3057861328125,95.7649618311796,94.04992617640089,94.85647788998737,323952000
2024-05-17,92.42683410644531,94.68656039026546,91.75421718471637,94.31577507944353,359691000
2024-05-20,94.7265396118164,95.14630088740084,93.38729907778286,93.69712178712975,318764000
2024-05-21,95.33220672607422,95.34619876949091,93.1274495632841,93.5462119787617,328946000
2024-05-22,94.89644622802734,95.96584245517248,93.19640917175742,95.4051618418388,548648000
2024-05-23,103.7404556274414,106.26002974980725,101.46273414650618,101.970450841432,835065000
2024-05-24,106.40895080566406,106.41494412748668,102.94190563238328,104.39008586204577,429494000
2024-05-28,113.83674621582031,114.87416266382655,109.821015139746,110.18181155048528,652728000
2024-05-29,114.7602310180664,115.42685462015827,110.83844833840384,112.98623828974068,557442000
2024-05-30,110.43766784667969,115.75366768594493,109.60114200461162,114.58532839037406,484553000
2024-05-31,109.57115936279297,112.65341931534381,106.879677688503,112.45652422078095,613263000
2024-06-03,114.93513488769531,114.93513488769531,111.93982368190672,113.55691490102478,438392000
2024-06-04,116.37132263183594,116.53423270815343,113.98067349692546,115.65073625073813,403324000
2024-06-05,122.37095642089844,122.3799464045841,117.40176009510016,118.304250755888,528402000
2024-06-06,120.92976379394531,125.51617269807858,118.25327265969561,123.97803915924119,664696000
2024-06-07,120.81982421875,121.62337164710611,117.95544321860926,119.70245088550641,412386000
2024-06-10,121.72129821777344,123.0305567964374,116.94399587339676,120.3021010809677,313434100
2024-06-11,120.85173797607422,122.81079255068147,118.68277788836801,121.71131653242202,222551200
2024-06-12,125.13965606689453,126.81884668595569,122.51092635625676,123.00068806264866,299595000
2024-06-13,129.5475311279297,129.7374419918796,127.09871503024357,129.32763594350715,260704500
2024-06-14,131.8164520263672,132.7759808624214,128.2581700274141,129.89737910282292,309320400
2024-06-17,130.91688537597656,133.66556033801308,129.5175660413327,132.92592665460285,288504400
2024-06-18,135.5146484375,136.26428691629846,130.62700616579136,131.07678620278367,294335100
2024-06-20,130.71697998046875,140.69216665961412,129.45759262565218,139.73263779444994,517768400
2024-06-21,126.50899505615234,130.56704338903992,124.24009251378381,127.05873301556977,649445800
2024-06-24,118.0530776977539,124.40001580098117,117.98311173916277,123.1806025577778,476060900
2024-06-25,126.02923583984375,126.43904192857353,119.2625015362155,121.14159285282038,414192600
2024-06-26,126.33909606933594,128.05826088696048,122.54092403749853,126.06922189761302,362975900
2024-06-27,123.93024444580078,126.34908399185862,122.8607604065947,124.04019204451785,252571700
2024-06-28,123.48046875,127.648457456266,122.69084852465333,124.5199685039101,315516700
2024-07-01,124.24010467529297,124.7798377464592,118.77273936918628,123.41050281013469,284885500
2024-07-02,122.61088562011719,123.35053451744282,120.97167651778796,121.07162680437523,218374000
2024-07-03,128.21817016601562,128.21817016601562,121.30150730962696,121.60136576540062,215749000
2024-07-05,125.76937103271484,128.7879201254304,125.6194417846086,127.31861959456383,214176700
2024-07-08,128.13819885253906,130.70696731901708,126.9787619894619,127.42854201917729,237677300
2024-07-09,131.3166961669922,133.7555228326683,128.58800070420872,130.28719371816868,285366600
2024-07-10,134.84500122070312,135.03491211498738,132.35619546389498,133.965420342518,248978600
2024-07-11,127.3386001586914,136.08437540615716,126.98877036890757,135.68457428967133,374782700
2024-07-12,129.17774963378906,131.856451337425,127.15871841221467,128.19821072594715,252680500
2024-07-15,128.37808227539062,131.3266570475404,127.11868757874264,130.49705535546263,208326200
2024-07-16,126.29910278320312,128.97780386568002,124.51996185494663,128.3781021800115,214769500
2024-07-17,117.9331283569336,121.79126850169425,116.66374383425097,121.29150949460832,390086200
2024-07-18,121.0316390991211,122.34101295266511,116.50382347473696,121.79127496540796,320979500
2024-07-19,117.87317657470703,121.5414063811811,117.31344884694725,120.29200868477562,217223800
2024-07-22,123.48046875,124.01021213043963,119.8022417845173,120.29200352530061,258068900
2024-07-23,122.53092193603516,124.62991607602876,122.04116019537173,122.72083281792666,173911000
2024-07-24,114.19493865966797,119.89218856658098,113.38533146913761,119.1125656978158,327776900
2024-07-25,112.22588348388672,116.57378540069556,106.24876991914482,112.98551932388845,460067000
2024-07-26,113.0055160522461,116.14400233469152,111.52623350707361,116.13401264402222,293399100
2024-07-29,111.53621673583984,116.22395888086476,111.24636320886141,113.63521076393421,248152100
2024-07-30,103.68000793457031,111.93602131829121,102.49057904635741,111.46624662712419,486833300
2024-07-31,116.9636001586914,118.28296369436077,110.82655987338046,112.84559062727486,473174200
2024-08-01,109.15736389160156,120.10209097077005,106.75851907796755,117.47335365334001,523462300
2024-08-02,107.21829986572266,108.66760564065457,101.32114936142939,103.70999693537759,482027500
2024-08-05,100.40159606933594,103.3601765320247,90.64630432334224,92.01563932136813,552842400
2024-08-06,104.19976043701172,107.65809209854007,100.50154657010994,103.78995436151921,409012100
2024-08-07,98.86233520507812,108.74756823143176,98.64244001125142,107.75803985921162,411440400
2024-08-08,104.9194107055664,105.44915405082541,97.47299667346623,101.95084088326249,391910000
2024-08-09,104.69952392578125,106.54863093775165,103.3801603016259,105.58909444979487,290844200
2024-08-12,108.96746063232422,111.01647580125626,106.20879614847053,106.26876479464013,325559900
2024-08-13,116.08403015136719,116.17399074467681,111.52623010948827,112.38581627538197,312646700
2024-08-14,118.0230941772461,118.54284021234767,114.01502462748074,118.47287425328174,339246400
2024-08-15,122.8008041381836,123.1806183011187,117.41340176096612,118.70278112755229,318086700
2024-08-16,124.51996612548828,124.93976189528415,121.12160307679298,121.88123896431732,302589900
2024-08-19,129.93734741210938,129.93734741210938,123.36051676677039,124.22010290586175,318333600
2024-08-20,127.18869018554688,129.81742791620712,125.82934483165957,128.33813000806336,300087400
2024-08-21,128.4380645751953,129.28766098618868,126.59895509298427,127.25863301570179,257883600
2024-08-22,123.68036651611328,130.68699047324503,123.04067554756361,129.95734653679833,376189100
2024-08-23,129.30764770507812,129.53754784197983,125.15965381933411,125.79934477343178,323230300
2024-08-26,126.3990478515625,131.196729770517,124.31005885081005,129.50755712849073,331964700
2024-08-27,128.23817443847656,129.1377346219971,123.82029866993177,124.98974063480068,303134600
2024-08-28,125.54946899414062,128.26815944285755,122.580899020736,128.05825393148814,448101100
2024-08-29,117.5333251953125,124.37003270157089,116.65375204642187,121.30151255769351,453023300
2024-08-30,119.3124771118164,121.69132742002542,117.16351169383461,119.47239604079388,333751600
2024-09-03,107.94795227050781,116.15399476413343,107.238295351223,115.95409419910477,477155100
2024-09-04,106.15880584716797,113.21540048575886,104.06981688786142,105.35919602273194,372470300
2024-09-05,107.15833282470703,109.5971593888533,104.70951657024186,104.93940145906154,306850700
2024-09-06,102.78044891357422,108.09788494505915,100.90134998938433,107.98793734308131,413638100
2024-09-09,106.41869354248047,106.4986568208146,103.64003443897201,104.82945579489092,273912000
2024-09-10,108.04788970947266,109.34726610485653,104.89940661736314,107.7580285866342,268283700
2024-09-11,116.85365295410156,117.13351677378026,107.36822165058582,109.33727332924734,441422400
2024-09-12,119.0927734375,120.7421209186122,115.33426173002456,116.79368208487448,366052700
2024-09-13,119.05278778076172,119.91244749081417,117.55338237388469,119.03279906427295,238358300
2024-09-16,116.73371124267578,118.1331578565614,114.31467227697621,116.74370941440674,248772300
2024-09-17,115.54417419433594,118.75290839853001,114.78448096424103,118.12315326201993,231925900
2024-09-18,113.32505798339844,117.65333558843457,113.17511592459984,115.84405559100924,310318900
2024-09-19,117.82328033447266,119.61257171272585,117.20352335036759,117.30348218615993,293506400
2024-09-20,115.95401763916016,118.57298181753792,115.3442588328446,117.01359501507952,382462400
2024-09-23,116.21391296386719,116.94361929782039,114.81446644323901,116.50379891378353,206228500
2024-09-24,120.82209014892578,121.75172180406905,115.33426088161053,116.47380837806097,354966800
2024-09-25,123.46104431152344,124.89047778241,121.56179592255684,121.97162943795686,284692900
2024-09-26,123.9908218383789,127.61937987933592,121.75171208350119,126.7497296956914,302582900
2024-09-27,121.35187530517578,123.98082995705606,119.21272426875333,123.92085618310571,271009200
2024-09-30,121.39187622070312,121.45185000248784,118.10317912028606,118.26311174716899,226553700
2024-10-01,116.95361328125,122.39145893750027,115.74409392230913,121.72171877480598,302094500
2024-10-02,118.80288696289062,119.33267565347262,115.09435850244638,116.39384623986545,221845900
2024-10-03,122.80130767822266,124.31071133495183,120.29230036497337,120.872072316084,277118000
2024-10-04,124.8704833984375,124.99043857930913,121.78171184810518,124.890479741768,243678100
2024-10-07,127.66937255859375,130.58821322989388,124.9004663256647,124.94045138468705,346250200
2024-10-08,132.83731079101562,133.42707320550807,129.36868536610157,130.20834865989482,285722500
2024-10-09,132.597412109375,134.46668122269037,131.32792651292905,134.0568400839603,246191600
2024-10-10,134.75656127929688,134.94648840712318,130.94807393580103,131.8577168886846,242311300
2024-10-11,134.74656677246094,135.72617401836632,133.60701929174726,133.9568713960576,170209500
2024-10-14,138.01527404785156,139.54466630986312,136.24597143489578,136.4159022137037,232347700
2024-10-15,131.54783630371094,138.5150744275185,128.68896947491228,137.8153397242487,377831000
2024-10-16,135.66619873046875,136.56583584893667,131.527840530584,133.92688301499192,264879700
2024-10-17,136.87570190429688,140.83413853249198,136.81572813387166,139.28475003463748,306435900
2024-10-18,137.94529724121094,138.8449343829922,137.22558142668973,138.61502982502418,176090200
2024-10-21,143.6530303955078,143.6530303955078,137.94528751258602,138.07524085271365,264554500
2024-10-22,143.5330810546875,144.3627538949317,141.72380093133486,142.85335791004843,226311600
2024-10-23,139.50466918945312,142.37352650102258,137.40551088320953,141.97369118156848,285930000
2024-10-24,140.35433959960938,141.293969386979,138.40511570705533,140.76418072009866,172354900
2024-10-25,141.48388671875,144.0728716327459,140.74418981710016,140.8741279131319,205122100
2024-10-28,140.4643096923828,143.08326638426843,139.99449475491215,142.9433224828564,173586700
2024-10-29,141.19400024414062,142.20359433012132,138.8449258203989,140.23437413304583,157593600
2024-10-30,139.28475952148438,140.27437255912164,136.75576367804047,139.48467718743143,179418100
2024-10-31,132.70736694335938,137.55545044959692,132.05763071180766,137.54545990469654,270039600
2024-11-01,135.34632873535156,137.25557537634637,134.5166711244238,134.64660922766117,207127800
2024-11-04,135.99607849121094,138.90492874894582,135.51627301400697,137.15562237613318,187528200
2024-11-05,139.8545379638672,140.31434706066804,137.27555894461494,137.39550649112996,160537400
2024-11-06,145.5522918701172,146.4319479858603,141.90374455387283,142.90334822985668,242043900
2024-11-07,148.82098388671875,148.87095186286027,146.11205150983724,146.33196551472386,207323300
2024-11-08,147.57147216796875,149.7106230852884,146.20200497714438,148.7110195677981,175665800
2024-11-11,145.20240783691406,148.7909962143961,143.51309063046196,148.62105018654825,182325600
2024-11-12,148.231201171875,149.5906625866308,145.95210633724608,146.72180532829077,198634700
2024-11-13,146.21202087402344,149.27080540839845,145.84215717514013,149.01091396688446,191903300
2024-11-14,146.7018280029297,148.94094569769402,145.49231611296014,147.5814841067195,194463300
2024-11-15,141.92369079589844,145.18240774117885,140.0244503789864,144.81254410002094,250132900
2024-11-18,140.0944366455078,141.4938908192372,137.0956258838966,139.4447004149215,221205300
2024-11-19,146.95172119140625,147.07168399645053,140.9341184421503,141.26398946372595,227834900
2024-11-20,145.83216857910156,147.5015047606034,142.67341754276418,147.3515703217148,309871700
2024-11-21,146.6118621826172,152.8293979645091,140.64422730754492,149.290807835149,400946600
2024-11-22,141.89373779296875,147.1016796207282,141.0440838257902,145.8721561256333,236406200
2024-11-25,135.96607971191406,141.99368792347047,135.7661620516237,141.93371415065735,344941900
2024-11-26,136.86570739746094,139.24476857370792,135.61620304064866,137.6453968958927,190287700
2024-11-27,135.28634643554688,137.16560606875765,131.74775643225163,134.95647541996794,226370900
2024-11-29,138.19520568847656,139.29477581313424,135.99608069190262,136.7257870913165,141863200
2024-12-02,138.57504272460938,140.39431322408433,137.76536630294407,138.77496038075373,171682800
2024-12-03,140.20440673828125,140.48429454860658,137.8953246767264,138.2051993772479,164414000
2024-12-04,145.08245849609375,145.73219470186731,140.23437518220274,141.94370396224937,231224300
2024-12-05,145.0124969482422,146.49200804389403,143.9028598130552,145.06248362625453,172621200
2024-12-06,142.3933563232422,145.65228325014007,141.26372149336697,144.5526526293818,188505600
2024-12-09,138.76454162597656,139.90416770148084,137.08509909525122,138.92449289189105,189308600
2024-12-10,135.0257568359375,141.77354545828368,133.74616214517607,138.96445323342698,210020900
2024-12-11,139.26437377929688,140.1240927409604,135.16572567436427,137.31501545162718,184905200
2024-12-12,137.29501342773438,138.39465924672223,135.75552453494274,137.03510407678786,159211400
2024-12-13,134.20602416992188,139.55427778956917,132.4965775973186,138.89449032268433,231514900
2024-12-16,131.95675659179688,134.35596424649526,130.37727237183418,134.13603509853905,237951100
2024-12-17,130.3472900390625,131.54689392732612,126.81844751374322,129.04771280436398,259410300
2024-12-18,128.86778259277344,136.6552244722092,128.23798405143236,133.8161583001621,277444500
2024-12-19,130.63719177246094,133.98610066679845,129.5075722477592,131.71683987642237,209719200
2024-12-20,134.65586853027344,135.2356803497186,128.1779956829599,129.76747112979962,306528600
2024-12-23,139.62423706054688,139.7441928628519,135.07572475974197,136.23534836132282,176053500
2024-12-24,140.174072265625,141.85351466107915,138.60457919611483,139.9541431061549,105157000
2024-12-26,139.88417053222656,140.8038826879709,137.68489400548984,139.65425012018665,116205600
2024-12-27,136.96510314941406,138.9744543348593,134.66586894799497,138.5046071101684,170582600
2024-12-30,137.4449462890625,140.22403398735426,133.97608228188028,134.78581438230358,167734700
2024-12-31,134.2460174560547,138.02479365615312,133.7861766339878,137.98479821279548,155659200
2025-01-02,138.2646942138672,138.8345148325783,134.58590691715995,135.95545329338754,198247200
2025-01-03,144.4226837158203,144.85253555834646,139.68423069189672,139.96413776465596,229322500
2025-01-06,149.3810577392578,152.11017470884985,147.77159962141576,148.54133648113356,265377400
2025-01-07,140.09410095214844,153.07985197865167,139.96413864833562,152.97987862898157,351782200
2025-01-08,140.06410217285156,143.90284057175748,137.51493447299714,142.5332942493383,227349900
2025-01-10,135.86549377441406,139.87417502688794,134.17604480086774,137.40498271998055,207602500
2025-01-13,133.18637084960938,133.44629547754278,129.46758770744978,129.94744151880715,204808900
2025-01-14,131.71682739257812,136.33532416409136,130.00739616366573,136.00543044799826,195590500
2025-01-15,136.1953887939453,136.4053114797544,131.24699764678536,133.60622538989423,185217300
2025-01-16,133.52626037597656,138.70455649670012,133.44628474718112,138.59459191383036,209235600
2025-01-17,137.66490173339844,138.45463626831489,135.41563868932835,136.6452315490251,201188800
2025-01-21,140.78387451171875,141.78354697270905,137.0450940162502,139.1144233323199,197749000
2025-01-22,147.02183532714844,147.74158546149795,143.62293982675303,144.61262104889417,237651400
2025-01-23,147.17178344726562,147.18177468068177,143.67292977388993,145.0024960002277,155915500
2025-01-24,142.5732879638672,148.92121448023644,141.8335400716498,148.32140487495408,234657600
2025-01-27,118.38121032714844,128.3579371600633,116.66177248371496,124.75912547322825,818830900
2025-01-28,128.94775390625,128.95774513931468,116.21192149182427,121.77009783396647,579666400
2025-01-29,123.65947723388672,126.8484347440811,120.01067894543576,126.45856310434583,467120600
2025-01-30,124.60917663574219,124.9590604797062,118.06131881584726,123.05968123503551,392925500
2025-01-31,120.03067016601562,127.80812056780856,119.15096116009843,123.73945402173636,388161100
2025-02-03,116.62179565429688,118.53116613291392,112.9729895620065,114.71241754878405,371235700
2025-02-04,118.61112976074219,121.16028976109213,116.66176403787988,116.92168099297385,256550000
2025-02-05,124.78912353515625,124.95906603450811,120.7204566501485,121.72012917842457,262230800
2025-02-06,128.6378631591797,128.72784528628156,125.16900563533248,127.37828117148048,251483600
2025-02-07,129.79747009277344,130.32729528258605,124.95905898960582,129.17767804139822,228186300
2025-02-10,133.52626037597656,134.955784699492,129.91744211571256,130.04738916543755,216989100
2025-02-11,132.7565155029297,134.43595803743202,130.9770996135579,132.5365863252507,178902400
2025-02-12,131.0970458984375,132.19669170682792,129.03772306980744,129.97741762356085,160278600
2025-02-13,135.24566650390625,136.455276767875,131.12702127315083,131.51689288233604,197430000
2025-02-14,138.8045196533203,139.20438251414282,135.45561099221797,136.43528567888637,195479600
2025-02-18,139.35433959960938,143.3930250185803,137.8848198127303,141.22373753647113,219176600
2025-02-19,139.18438720703125,141.3136943495984,137.17505112782226,139.46429426521587,167536000
2025-02-20,140.06410217285156,140.61392504988532,136.74518244514988,139.98412654948388,143903600
2025-02-21,134.38595581054688,141.41366694156105,133.98609294492073,139.99411868487,228217600
2025-02-24,130.23733520507812,138.544611438826,130.03740375103862,136.51527743543022,251381100
2025-02-25,126.58851623535156,130.15734648197986,124.39923881429249,129.93741732851836,271428700
2025-02-26,131.23699951171875,133.68619399137987,128.44792005609298,129.9474287481865,322553800
2025-02-27,120.11064147949219,134.96576646206714,119.97068795236893,134.95577522934062,443175800
2025-02-28,124.87908172607422,125.04902421361967,116.36187573271177,117.98134023479652,389091100
2025-03-03,114.02263641357422,123.65947815441595,112.2432206852501,123.46954557652553,411381400
2025-03-04,115.9520034790039,119.27091565466138,110.07393231302608,110.61375634258967,398163300
2025-03-05,117.2615737915039,118.24124845757764,114.47248692259635,117.54148083895355,284337900
2025-03-06,110.53378295898438,115.31221606989396,110.18389912538346,113.49281250827367,321181900
2025-03-07,112.65309143066406,113.44283358559466,107.52476685365718,111.21356065439609,341755500
2025-03-10,106.94495391845703,111.81335349826479,105.42544763902806,109.86399541986671,366487400
2025-03-11,108.72437286376953,112.20322856084239,104.73567447790636,106.95494843650206,354865700
2025-03-12,115.71273803710938,116.7325020716217,112.85341103244578,114.09312447156262,323857500
2025-03-13,115.55277252197266,117.73225924433854,113.76319330991835,117.0024278677365,299033100
2025-03-14,121.6413345336914,121.85128414551467,118.12216714928688,118.5820578648422,277593500
2025-03-17,119.50183868408203,122.86104771124882,118.00219206936818,122.711081524258,255501500
2025-03-18,115.40280151367188,118.99195194008684,114.51301183473794,117.97219563901088,299686900
2025-03-19,117.4923095703125,120.4216195833343,115.65274672556286,117.24236846895431,273426200
2025-03-20,118.50206756591797,120.17167220516042,116.44255543913019,116.52253841801043,248829700
2025-03-21,117.6722640991211,117.9621966837067,115.39280254041711,116.91244866461768,266498500
2025-03-24,121.38140106201172,122.19120779583362,119.31188140429414,119.8517551027078,228452500
2025-03-25,120.66156768798828,121.26142480153007,118.89198043130345,120.5216012824151,167447200
2025-03-26,113.73320007324219,118.81199741904777,112.68344440410922,118.70203035263671,293463300
2025-03-27,111.40375518798828,114.42304053099558,110.6339399022949,111.32377219977147,236902100
2025-03-28,109.6441650390625,112.84341584506377,109.04430789656145,111.46373602695421,229872500
2025-03-31,108.35446166992188,110.9338556226425,103.6255803841977,105.10522740758995,299212700
2025-04-01,110.1240463256836,110.17402996737344,106.44491315753294,108.49442552913952,222614000
2025-04-02,110.39398193359375,111.95361956622256,106.76483994973236,107.26472214391917,220601200
2025-04-03,101.77601623535156,105.60510798745378,101.5760587841681,103.48561239808684,338769400
2025-04-04,94.28778076171875,100.10640942744341,92.08830207120735,98.88670323249266,532273800
2025-04-07,97.61699676513672,101.72602911656392,86.59959627985899,87.43939472630683,611041300
2025-04-08,96.27731323242188,105.82505852328022,94.43774279946976,103.78553826456235,476243400
2025-04-09,114.30306243896484,115.07287764897656,97.5070179445592,98.86669810018236,612918300
2025-04-10,107.5446548461914,110.83388059600858,99.12664053501021,109.34423379452805,437812400
2025-04-11,110.90386199951172,111.52371865557488,107.45467796999777,108.47443427245335,313417300
2025-04-14,110.68391418457031,114.2630725146749,109.04430120283689,114.08311462021162,264705000
2025-04-15,112.1735610961914,113.5932323217664,110.47396469045397,110.94385517244878,228966900
2025-04-16,104.46538543701172,106.76484672728219,100.4263361362673,104.52537649088836,397016900
2025-04-17,101.46607971191406,104.44538077133734,100.02642426353728,104.4253812132841,292517500
2025-04-21,96.88717651367188,99.41657935183265,95.01761424618036,98.74673137333838,288501100
2025-04-22,98.86669921875,99.78648062043173,97.2570779520085,98.75672452641882,241004800
2025-04-23,102.68579864501953,104.77531016741209,101.99595878138034,104.4953697335839,247526000
2025-04-24,106.40492248535156,106.51489717654988,103.08570507328525,103.45562063709751,220815000
2025-04-25,110.98385620117188,111.8936379045766,105.70510100806126,106.82483233532861,251064700
2025-04-28,108.70439147949219,110.34400455936343,105.9950231207954,109.66416443154382,207708500
2025-04-29,108.99431610107422,110.17403844763395,107.41469407982767,107.64463563001284,170444300
2025-04-30,108.89433288574219,108.89433288574219,104.05547701680861,104.44538450923935,235044600
2025-05-01,111.58370208740234,114.91291927434723,111.27377757314032,113.05335693358144,236121500
2025-05-02,114.47303009033203,115.37281962529518,113.34329900218786,114.15310576985596,190194800
2025-05-05,113.7931900024414,114.64298826396649,112.63346720059009,112.88340831442672,133163200
2025-05-06,113.51325988769531,114.7129742117387,110.7938992837595,111.4537475013017,158525600
2025-05-07,117.03242492675781,117.65228163619798,112.25355204144066,113.02337494499027,206758800
2025-05-08,117.34236145019531,118.65205049698933,115.82271514729747,118.22215145930612,198428100
2025-05-09,116.62252044677734,118.20215005190205,115.18285724943865,117.32235248570746,132972200
2025-05-12,122.97103118896484,122.97103118896484,120.25167057965504,121.94127499373305,225023300
2025-05-13,129.89938354492188,131.18908818741485,124.44067836400953,124.95056035306071,330430100
2025-05-14,135.30810546875,135.40808800730593,131.6489642323906,133.16861033831793,281180800
2025-05-15,134.79823303222656,136.2678878895653,132.6287461607251,134.258351724734,226632600
2025-05-16,135.36810302734375,136.31789147723805,133.42857277146337,136.18791721457987,226542500
2025-05-19,135.53805541992188,135.83797251007488,132.35879696756518,132.35879696756518,193154600
2025-05-20,134.3483428955078,134.54829272140586,132.58874781513978,134.2583525069389,161514200
2025-05-21,131.76895141601562,137.36762292180558,130.55922977564506,133.02864907239967,270608700
2025-05-22,132.7987060546875,134.21836966107523,131.51900885300861,132.19884131725317,187344000
2025-05-23,131.25906372070312,132.64873565144939,129.12957588399638,129.96937433382988,198821300
2025-05-27,135.4680633544922,135.6280293045703,133.27857708527512,134.1183754403962,192953600
2025-05-28,134.7782440185547,137.2176717346689,134.75824445795843,135.9979578766118,304021100
2025-05-29,139.15721130371094,143.45620133736625,137.87751407348716,142.21648797143945,369241900
2025-05-30,135.09817504882812,139.58710766728817,132.88868890141003,138.6873257641086,333170900
2025-06-02,137.34764099121094,138.08745689917103,135.36809645457458,135.45808684638126,197663100
2025-06-03,141.1867218017578,141.9665367692297,137.91748812723765,138.74729436292043,225578800
2025-06-04,141.88656616210938,142.3564566649135,139.5071219355859,142.15650682982962,167120800
2025-06-05,139.95703125,143.96608121416313,138.79730082341692,142.13651043477643,231397900
2025-06-06,141.6865997314453,143.23623746842864,141.47664251332282,142.47640682683559,153986200
2025-06-09,142.59640502929688,144.96584183837217,141.9065651342004,143.15627066728982,185114500
2025-06-10,143.92608642578125,144.25599524562207,141.4966510569608,142.65638139553192,155881900
2025-06-11,142.80625915527344,144.96590375929992,141.84641202362192,144.5859620448177,167694000
2025-06-12,144.9759063720703,144.9759063720703,141.82643588786814,141.94641106631286,162365000
2025-06-13,141.94639587402344,143.556128789635,140.8265869783813,142.4563055840922,180820600
2025-06-16,144.66595458984375,146.1556971839991,143.1761967394354,143.32618096280035,183133700
2025-06-17,144.09603881835938,145.1958620737219,143.75609899624828,144.46598768948277,139108000
2025-06-18,145.455810546875,145.62578045463974,143.0962022725339,143.9860537050978,161494100
2025-06-20,143.8260955810547,146.17569581398777,142.6262828381709,145.42582047781178,242956200
2025-06-23,144.1460418701172,144.7559411184857,142.00639807778802,142.47632119978937,154308900
2025-06-24,147.8754119873047,147.9354148301798,145.4758169849003,145.53580457152245,187566100
2025-06-25,154.28436279296875,154.4243389252029,149.23519867353343,149.24520677628502,269146500
2025-06-26,154.99423217773438,156.69394650127538,153.97439748110884,155.95406403411533,198145700
2025-06-27,157.72378540039062,158.68363258213975,155.23419369167684,156.01406285223712,263234500
2025-06-30,157.96376037597656,158.6336472456001,155.93409881773164,158.37368067249696,194580300
2025-07-01,153.2745361328125,157.17388214393176,151.46483925954294,156.26402965591922,213143600
2025-07-02,157.22386169433594,157.57380961936815,152.94457434216997,152.9545671877056,171224100
2025-07-03,159.3135223388672,160.95324924613055,157.74379112425564,158.34368228178877,143716100
2025-07-07,158.21371459960938,159.28352889047815,157.31385497697042,158.17371270193448,140139000
2025-07-08,159.97341918945312,160.19338386133896,158.36368604860908,159.3035323273478,138133000
2025-07-09,162.85293579101562,164.39267314506114,161.13322041798892,161.1932080055649,183656400
2025-07-10,164.07273864746094,164.4726660794993,161.5831469026993,164.29270331195812,167704100
2025-07-11,164.89259338378906,167.862101078866,163.44283738179527,163.6927958392512,193633300
2025-07-14,164.04273986816406,165.4625020418882,161.99307751467913,165.3425116109199,136975800
2025-07-15,170.671630859375,172.37134531045626,169.17188012202328,171.1615549258278,230627400
2025-07-16,171.34152221679688,171.72146396229547,168.87193138356372,171.03157616389174,158831500
2025-07-17,172.97125244140625,174.13106334471073,170.80161486292053,171.99141956059896,160841100
2025-07-18,172.38136291503906,174.22105359276725,171.23154479926822,173.61115431570738,146456400
2025-07-21,171.35153198242188,173.35119970444802,170.97159023323564,172.72129949000853,123126100
2025-07-22,167.00225830078125,171.36153479867312,164.55266825003173,171.31154005146294,193114300
2025-07-23,170.75161743164062,171.23153339032083,167.94208685699226,169.5018251648929,154082200
2025-07-24,173.7111358642578,173.80111724784433,171.27153886755505,172.41134882841166,128984600
2025-07-25,173.47117614746094,174.69097468726906,172.9312725713388,173.58115848322245,122316800
2025-07-28,176.7206268310547,176.97058528484683,173.94109004538618,173.99108478739527,140023500
2025-07-29,175.48085021972656,179.350217961682,174.99094135061006,177.93045559033015,154077500
2025-07-30,179.24021911621094,179.86011122312902,176.01074478620916,176.48066791766442,174312200
2025-07-31,177.84043884277344,183.26954448460754,175.9007587673991,182.86960179799485,221685400
2025-08-01,173.69113159179688,176.51065501732398,170.86160006411595,174.06106522140865,204529000
2025-08-04,179.9700927734375,180.17005649193501,174.49100755408614,175.1309006070304,148174600
2025-08-05,178.23037719726562,180.23004490386853,175.87076869322405,179.59015184800575,156407600
2025-08-06,179.3901824951172,179.87009845787975,176.22071111043454,176.30069964693718,137192300
2025-08-07,180.73995971679688,183.84944343505214,178.77028591662776,181.53982980547644,151878400
2025-08-08,182.6696319580078,183.26953833968557,180.3700111699138,181.51982919208731,123396700
2025-08-11,182.0297393798828,183.80944232526838,180.2200426409657,182.01974653412333,138323200
2025-08-12,183.1295623779297,184.44933506001817,179.4301803710301,182.9295986692803,145485700
2025-08-13,181.559814453125,183.93942375779682,179.3201965252013,182.5896420373941,179871700
2025-08-14,181.98974609375,182.98957985829236,179.43017409752198,179.72011917648817,129554000
2025-08-15,180.42001342773438,181.86976944489334,178.01041021115256,181.84978375259033,156602200
2025-08-18,181.979736328125,182.90958965389834,180.55997422620712,180.56998232776263,132008000
2025-08-19,175.61080932617188,182.46966985536903,175.46084035755914,182.39967416584764,185229200
2025-08-20,175.370849609375,175.9707560164781,168.77195541250927,175.1408920976954,215142700
2025-08-21,174.95091247558594,176.87059152353538,173.78110877087863,174.8209444570093,140040900
2025-08-22,177.96043395996094,178.56032512128596,171.17155351749952,172.58132291943235,172789400
2025-08-25,179.78012084960938,181.87977802218637,176.54066896263805,178.3203719824875,163012800
2025-08-26,181.7397918701172,182.35968393651802,178.7802771456414,180.03006938032237,168688200
2025-08-27,181.56982421875,182.45967569067753,179.07023971825097,181.94975068857377,235518900
2025-08-28,180.1400604248047,184.43934897141472,176.3806906932069,180.7899615720414,281787800
2025-08-29,174.1510467529297,178.12038822306508,173.12121914292007,178.08040158317536,243257900
2025-09-02,170.75161743164062,172.351357635579,167.19221149694363,169.9717482776903,231164900
2025-09-03,170.59165954589844,172.38137081666613,168.851958278929,171.03158891427162,164424900
2025-09-04,171.63148498535156,171.83144870716828,169.381858788342,170.54166973363456,141670100
2025-09-05,166.9922637939453,169.0019244592772,164.04275681292185,168.00209055003162,224441400
2025-09-08,168.2820281982422,170.93159698121408,167.32219627229085,167.5221599855096,163769100
2025-09-09,170.7316131591797,170.95157781434446,166.71229229208453,169.0618925540675,157548400
2025-09-10,177.300537109375,179.26020289704138,175.44084555219968,176.61064931709572,226852000
2025-09-11,177.1505584716797,180.26021784214308,176.4606317396978,179.66027757334626,151159300
2025-09-12,177.80047607421875,178.5803891806412,176.43061617633268,177.75047851465564,124911000
2025-09-15,177.73048400878906,178.830369337568,174.49083425075145,175.65071055071581,147061600
2025-09-16,174.86080932617188,177.4805168617991,174.36086420825131,176.98057174387853,140737800
2025-09-17,170.27130126953125,173.18098551277336,168.39151800406466,172.62104942275718,211843800
2025-09-18,176.2206573486328,177.08056354559588,172.94101865721873,173.96089569350613,191763300
2025-09-19,176.6505889892578,178.06043774665943,175.16074718989944,175.7506939671915,237182100
2025-09-22,183.58984375,184.52974299714734,174.69082690233378,175.28075846993005,269637000
2025-09-23,178.410400390625,182.3999677661597,176.19065819152993,181.95002022927713,192559600
2025-09-24,176.9505615234375,179.76025041106172,175.38072666046574,179.75025700209653,143564100
2025-09-25,177.67050170898438,180.2402117285651,173.11100459099512,174.4608472798892,191586700
2025-09-26,178.17044067382812,179.750269051669,174.91078879333958,178.15043859744398,148573700
2025-09-29,181.83004760742188,183.97980553666213,180.30021674934378,180.41019002973698,193063500
2025-09-30,186.55950927734375,187.32942897828707,181.4600633204032,182.06000352373024,236981000
2025-10-01,187.21945190429688,188.11934700723293,183.87980694521147,185.21967144700423,173844900
2025-10-02,188.8692626953125,191.0290292282152,188.03935198339767,189.57919146332628,136805800
2025-10-03,187.59939575195312,190.33910041164867,185.35965145286306,189.1692307003317,137596900
2025-10-06,185.51962280273438,187.20943969833962,183.3098739831843,185.4796339074747,157678100
2025-10-07,185.01968383789062,189.03924688644503,183.97980469837793,186.20955566811082,140088000
2025-10-08,189.0892333984375,189.57918508139647,186.51950830089396,186.5495190429729,130168900
2025-10-09,192.54885864257812,195.27855455286462,191.039014711271,192.20888438710807,182997200
2025-10-10,183.139892578125,195.59851591827854,182.03001384654092,193.4887469873255,268774400
2025-10-13,188.29933166503906,190.08912842775598,185.93959015922437,187.9493639887039,153482800
2025-10-14,180.01022338867188,184.77970370013514,179.6802578066599,184.74970821605342,205641400
2025-10-15,179.8102569580078,184.84969686580231,177.2705272995106,184.77971248532194,214450500
2025-10-16,181.7900390625,183.2598789113643,179.75026972003684,182.20999112544493,179723300
2025-10-17,183.19989013671875,184.07979842608083,179.7302697995737,180.1602152773484,173135200
2025-10-20,182.6199493408203,185.1796658652692,181.7100455780644,183.10990104163824,128544700
2025-10-21,181.14010620117188,182.76991679751694,179.7802549646251,182.76991679751694,124240200
2025-10-22,180.2602081298828,183.4198648953589,176.74059027394597,181.12011433169937,162249600
2025-10-23,182.13999938964844,183.0098989665471,179.7702492811968,180.4001849787377,111363700
2025-10-24,186.23953247070312,187.44940625639555,183.47984116964938,183.81980015643103,131296700
2025-10-27,191.46897888183594,191.97891738858848,188.4093020699799,189.9691435897376,153452700
2025-10-28,201.0079345703125,203.12769700573313,191.8889404255143,193.0288146936141,297986200
2025-10-29,207.01727294921875,212.1667169482571,204.7575264516481,207.95717223581016,308829600
2025-10-30,202.8677215576172,206.13736677538768,201.38788833732997,205.12746791137428,178864400
2025-10-31,202.4677734375,207.94716749796044,202.04782138155986,206.42733011185774,179802200
2025-11-03,206.85728454589844,211.31678618801203,205.53742218982754,208.05714970598171,180267300
2025-11-04,198.66818237304688,203.9476013046771,197.90825607143535,202.9777066091775,188919300
2025-11-05,195.18858337402344,202.89772869539195,194.6286320152979,198.7481902403631,171350300
2025-11-06,188.05935668945312,197.59830279082226,186.35954634625867,196.39843756369172,223029800
2025-11-07,188.1293487548828,188.29934352754728,178.8903723972709,184.87970536775757,264942300
2025-11-10,199.0281524658203,199.91805415635875,193.76872011438098,195.08858253564551,198897100
2025-11-11,193.1387939453125,195.3985402959953,191.2789975702345,195.13857433756354,176483300
2025-11-12,193.7787322998047,195.86849924763862,191.1090271797132,195.69851973704638,154935300
2025-11-13,186.8394775390625,191.4189763426968,183.82981362374773,191.02901978717685,207423100
2025-11-14,190.1491241455078,190.98902828114038,180.56018045425046,182.8399289693184,186591900
2025-11-17,186.5795135498047,188.9792438771453,184.29976516169708,185.9495778546046,173628900
2025-11-18,181.340087890625,184.7797126313021,179.6302689297591,183.3598703733926,213598900
2025-11-19,186.49951171875,187.8393608341106,182.80991469001526,184.76969080502667,247246400
2025-11-20,180.6201629638672,195.97847686300787,179.83025642841662,195.92847930218133,343504800
2025-11-21,178.86036682128906,184.5397359279593,172.91100782704066,181.22010834266524,346926200
2025-11-24,182.52996826171875,183.4798609481747,176.4606271183833,179.47030653663683,256618300
2025-11-25,177.80047607421875,178.14043506786686,169.53138015579162,174.89079203873564,320600300
2025-11-26,180.24020385742188,182.8899220695924,178.22043661727494,181.6100638206842,183852000
2025-11-28,176.98056030273438,179.2703020816569,176.48061521713345,178.99033405428943,121332800
2025-12-01,179.90025329589844,180.2802164760195,173.66093259662904,174.7408159055669,188131000
2025-12-02,181.44007873535156,185.63961443898967,179.98023235974816,181.7400335835938,182632200
2025-12-03,179.57028198242188,182.4299686383783,179.09033894604931,181.06012391136443,165138000
2025-12-04,183.37008666992188,184.51002440204854,179.95027347354184,181.61017209543593,167364900
2025-12-05,182.40013122558594,184.6500094505641,180.9002124089338,183.88004685245298,143971100
2025-12-08,185.5399627685547,187.98982714518382,182.39012406320575,182.6301165694494,204378100
2025-12-09,184.95999145507812,185.70995086836587,183.31008684903045,185.54995586495326,144719700
2025-12-10,183.77005004882812,185.46995496958337,182.03013874897007,184.9599880707457,162785400
2025-12-11,180.92019653320312,181.31019006496976,176.61043233199788,180.27023782951787,182136600
2025-12-12,175.01052856445312,182.81010931847595,174.61054106596097,181.10019518559332,204274900
2025-12-15,176.28045654296875,178.4103461991077,175.02053019793698,177.93037643785232,164775600
2025-12-16,177.71038818359375,178.48035080582065,174.8905333961456,176.25046044282257,148588100
2025-12-17,170.93075561523438,176.12047730871902,170.30078481189744,176.0904801521757,222775500
2025-12-18,174.1305694580078,176.14045512074784,171.8107030234881,174.52054772862792,176096000
2025-12-19,180.98020935058594,181.4401759084778,176.3304518785618,176.6604358481607,324925900
2025-12-22,183.6800537109375,184.15002947616998,182.34012994783166,183.91003698180788,129064400
2025-12-23,189.19976806640625,189.31975669034466,182.89009670029142,182.96010023623109,174873600
2025-12-24,188.59979248046875,188.899779295176,186.57989753660073,187.92983057380172,65528500
2025-12-26,190.51968383789062,192.67957056140054,187.98982202804387,189.9097162518428,139740300
2025-12-29,188.20980834960938,188.749772392931,185.8999358866866,187.6998414610299,120006100
2025-12-30,187.52984619140625,188.9797799436452,186.91987858592935,188.22982052336855,97687300
2025-12-31,186.4899139404297,190.54969193131708,186.47991997410415,189.55975523635485,120100500
2026-01-02,188.83978271484375,192.91954841717475,188.24980305842183,189.82971935613102,148240500
2026-01-05,188.1098175048828,193.61952916959007,186.13992286460274,191.74961996436147,183529700
2026-01-06,187.22987365722656,192.15959956375178,186.80989821500853,190.50969495089785,176862600
2026-01-07,189.09976196289062,191.35963411085106,186.54989697142676,188.55979791265688,153543200
2026-01-08,185.0299835205078,189.53974931649188,183.70006889406122,189.09977067708235,172457000
2026-01-09,184.84999084472656,186.32990643372668,183.66005283935564,185.06998015284367,131327500
2026-01-12,184.92999267578125,187.10986736077922,183.010098425574,183.2100845491025,137968500
2026-01-13,185.79994201660156,188.0998205983224,183.3900687774691,184.9899882929175,160128900
2026-01-14,183.1300811767578,184.45001701406107,180.79021156477043,184.3100252062831,159586100
2026-01-15,187.03988647460938,189.6897370464893,186.31992419508657,186.48991316970114,206188600
2026-01-16,186.21990966796875,190.4296883714215,186.06992389502736,189.06976141755646,187967200
2026-01-20,178.06036376953125,182.37012791600927,177.60038196777572,181.89014292514364,223345300
2026-01-21,183.31008911132812,185.3699752173061,178.3903418724365,179.04031586008543,200381000
2026-01-22,184.82998657226562,186.15991637882954,183.92003219020145,184.7399951080077,139636600
2026-01-23,187.6598358154297,189.58973923983262,186.80989099781206,187.48984685190618,142748100
2026-01-26,186.4599151611328,189.1097657209082,185.97994539629804,187.1498802806874,124799600
2026-01-27,188.50979614257812,189.9897117301412,185.6899415183402,187.22986667366473,143711600
2026-01-28,191.5096435546875,192.33960048487265,189.82972650403363,191.25965707901594,148552700
2026-01-29,192.49957275390625,193.46952146246272,186.04992498376654,191.32963792417547,171764400
2026-01-30,191.11965942382812,194.47947816452233,189.45974561417185,191.19965692455457,179489500
2026-02-02,185.59996032714844,190.2897090701948,184.87000408758857,187.1898706566695,165794100
2026-02-03,180.33023071289062,186.25991753048794,176.22045266395375,186.22992037566058,204019600
2026-02-04,174.18057250976562,179.57028010697434,171.90069716024271,179.45029148582987,207014100
2026-02-05,171.87069702148438,176.81043194569037,171.020736948564,174.92051964769362,206312900
2026-02-06,185.39996337890625,186.98987361565233,174.59055120100808,176.6804343618602,231346200
2026-02-09,190.0297088623047,193.64952333361757,183.9400420976916,184.25002288009932,196387400
2026-02-10,188.52978515625,192.46957427391544,188.10980972728564,191.36964298604585,136764800
2026-02-11,190.0397186279297,193.24953637655122,188.75978911487715,192.43958265041238,144192700
2026-02-12,186.9298858642578,193.5995230748733,186.49990120030046,193.01955263160718,189932500
2026-02-13,182.80010986328125,187.4898586352177,181.58017462912434,187.4698554447334,161888000
2026-02-17,184.95999145507812,187.13986615921206,179.17029624003743,181.74016448672575,162276900
2026-02-18,187.96981811523438,190.3596881055438,186.7498829478333,188.73978069812654,164749100
2026-02-19,187.88983154296875,188.41980165789556,185.64996245587088,187.04988063530703,126554500
2026-02-20,189.8097381591797,190.31970507557438,185.92994318264132,186.5599139825128,178422300
2026-02-23,191.53964233398438,193.93950641757905,189.56974766836524,191.3896412925324,171584800
2026-02-24,192.83956909179688,193.75951747058733,187.38985183856119,191.47964208446245,175123600
2026-02-25,195.54940795898438,197.61930319203404,193.77949953248776,194.43946745531196,250637100
2026-02-26,184.87998962402344,194.27947461393586,184.31002841741252,194.25948668244985,360807900
2026-02-27,177.180419921875,182.5801217841234,176.3704661683341,181.2401979138715,311636500
2026-03-02,182.47012329101562,183.45008125730604,174.63055110847353,175.00052620838028,209095300
2026-03-03,180.04025268554688,180.8901975001603,176.91041730394699,178.4803396065267,178099400
2026-03-04,183.03009033203125,184.69000418349444,180.0502558302461,180.4302401537762,177731200
2026-03-05,183.330078125,184.05004039552568,177.87038204113773,181.1601973472636,198779700
2026-03-06,177.8103790283203,182.7500987288974,176.81043317462274,179.83025866705609,189021900
2026-03-09,182.64010620117188,182.90010189125664,175.55049367782217,176.82042919903367,177213600
2026-03-10,184.760009765625,186.42991760168223,182.00014929336922,182.39012758732315,179118500
2026-03-11,186.02999877929688,187.6199951171875,184.4499969482422,185.91000366210938,145280400
2026-03-12,183.13999938964844,184.94000244140625,181.75,184.0500030517578,155762700
2026-03-13,180.25,186.08999633789062,179.94000244140625,184.9199981689453,160988400
2026-03-16,183.22000122070312,188.8800048828125,181.41000366210938,182.97000122070312,217307400
2026-03-17,181.92999267578125,185.39999389648438,181.67999267578125,185.05999755859375,182497800
2026-03-18,180.39999389648438,183.3800048828125,180.3300018310547,182.47999572753906,156683100
2026-03-19,178.55999755859375,179.97999572753906,175.7899932861328,178.00999450683594,170968500
2026-03-20,172.6999969482422,178.25999450683594,171.72000122070312,178.0,241323500
2026-03-23,175.63999938964844,178.3699951171875,174.75999450683594,177.25999450683594,182836300
2026-03-24,175.1999969482422,176.22000122070312,173.97999572753906,174.8300018310547,147667800
2026-03-25,178.67999267578125,181.22000122070312,176.85000610351562,177.10000610351562,162602100
2026-03-26,171.24000549316406,176.50999450683594,171.13999938964844,176.07000732421875,186152200
2026-03-27,167.52000427246094,170.97000122070312,167.00999450683594,170.0,196212700
2026-03-30,165.1699981689453,169.4499969482422,164.27000427246094,168.77999877929688,185627000
2026-03-31,174.39999389648438,174.6199951171875,166.9600067138672,166.97000122070312,226181300
2026-04-01,175.75,177.3699951171875,174.75,176.0,168132000
2026-04-02,177.38999938964844,177.49000549316406,171.3699951171875,172.17999267578125,143143200
2026-04-06,177.63999938964844,177.7899932861328,175.75999450683594,177.16000366210938,107564300
2026-04-07,178.10000610351562,178.22999572753906,173.66000366210938,175.72999572753906,132534900
2026-04-08,182.0800018310547,185.25999450683594,180.3000030517578,184.5,147732700
2026-04-09,183.91000366210938,184.0800018310547,180.6199951171875,181.83999633789062,116428500
2026-04-10,188.6300048828125,190.0,184.3000030517578,184.30999755859375,160459500
2026-04-13,189.30999755859375,189.66000366210938,185.74000549316406,186.02999877929688,133648200
2026-04-14,196.50999450683594,196.50999450683594,190.77000427246094,190.83999633789062,161307000
2026-04-15,198.8699951171875,200.39999389648438,195.74000549316406,196.5399932861328,185338400
2026-04-16,198.35000610351562,199.85000610351562,195.80999755859375,197.42999267578125,134012900
2026-04-17,201.67999267578125,201.6999969482422,199.27000427246094,199.89999389648438,160324400
2026-04-20,202.05999755859375,202.1699981689453,197.83999633789062,199.97999572753906,119381400
2026-04-21,199.8800048828125,202.75,199.0,202.1300048828125,107945300
2026-04-22,202.5,202.5,199.0,200.99000549316406,107501000
2026-04-23,199.63999938964844,203.8300018310547,197.22000122070312,202.4600067138672,113561800
2026-04-24,208.27000427246094,210.9499969482422,199.80999755859375,199.9600067138672,214134400
2026-04-27,216.61000061035156,216.8300018310547,207.3800048828125,209.64999389648438,187172400
2026-04-28,213.1699981689453,214.72999572753906,208.1999969482422,209.49000549316406,180275400
2026-04-29,209.25,212.72000122070312,207.5800018310547,212.6999969482422,123711800
2026-04-30,199.57000732421875,210.3000030517578,198.6999969482422,209.92999267578125,225239200
2026-05-01,198.4499969482422,203.0,197.1199951171875,201.27999877929688,128647000
2026-05-04,198.47999572753906,201.72999572753906,194.74000549316406,199.5,125368100
2026-05-05,196.5,200.24000549316406,196.02999877929688,199.3000030517578,113406600
2026-05-06,207.8300018310547,208.27000427246094,198.61000061035156,199.88999938964844,188362800
2026-05-07,211.5,214.1999969482422,206.5,208.33999633789062,168307900
2026-05-08,215.1999969482422,217.8000030517578,212.88999938964844,213.02999877929688,136421400
2026-05-11,219.44000244140625,222.3000030517578,213.88999938964844,214.0399932861328,160685800
2026-05-12,220.77999877929688,223.75,214.9199981689453,218.5500030517578,159176600
2026-05-13,225.8300018310547,227.83999633789062,221.57000732421875,224.92999267578125,150405400
2026-05-14,235.74000549316406,236.5399932861328,229.3000030517578,229.85000610351562,180782900
2026-05-15,225.32000732421875,231.5,224.24000549316406,229.75999450683594,180977600
2026-05-18,222.32000732421875,230.0,218.3699951171875,229.8699951171875,146280900
2026-05-19,220.61000061035156,224.47999572753906,217.91000366210938,219.6199951171875,140948200
2026-05-20,223.47000122070312,226.1300048828125,220.5,223.17999267578125,184201600
2026-05-21,219.50999450683594,227.39999389648438,217.92999267578125,222.2899932861328,203381800
2026-05-22,215.3300018310547,221.00999450683594,214.8000030517578,220.89999389648438,169275700
2026-05-26,214.86000061035156,218.17999267578125,212.0,216.5399932861328,187202600
2026-05-27,212.60000610351562,214.14999389648438,208.77999877929688,214.1199951171875,167601200
2026-05-28,214.25,215.52000427246094,211.22000122070312,211.27999877929688,143996000
2026-05-29,211.13999938964844,217.86000061035156,211.1300048828125,214.5800018310547,289410600
2026-06-01,224.36000061035156,224.8699951171875,215.6999969482422,215.72999572753906,212850700
2026-06-02,222.82000732421875,232.27999877929688,221.35000610351562,227.17999267578125,193362900
2026-06-03,214.75,222.82000732421875,214.50999450683594,221.72000122070312,160907000
2026-06-04,218.66000366210938,221.60000610351562,210.97000122070312,213.91000366210938,169022200
2026-06-05,205.10000610351562,214.8699951171875,204.3300018310547,214.52999877929688,219655500
2026-06-08,208.63999938964844,210.47000122070312,206.0,210.17999267578125,138372800
2026-06-09,208.19000244140625,211.39999389648438,199.33999633789062,210.6199951171875,180962500
2026-06-10,200.4199981689453,207.22000122070312,199.9199981689453,204.42999267578125,161746600
2026-06-11,204.8699951171875,205.66000366210938,199.5399932861328,201.49000549316406,158643200
2026-06-12,205.19000244140625,207.07000732421875,203.44000244140625,204.86000061035156,112001800
2026-06-15,212.4499969482422,212.7100067138672,208.33999633789062,208.9199981689453,149936700
2026-06-16,207.41000366210938,211.49000549316406,207.2899932861328,211.17999267578125,125694100
2026-06-17,204.64999389648438,209.2100067138672,203.0800018310547,208.52999877929688,128363500
2026-06-18,210.69000244140625,211.38999938964844,206.5,207.3300018310547,241272000
2026-06-22,208.64999389648438,213.99000549316406,207.72000122070312,211.44000244140625,122041400
2026-06-23,200.0399932861328,203.77000427246094,200.0,202.1699981689453,153496200
2026-06-24,199.0,201.6699981689453,196.5800018310547,200.1199951171875,151810700
2026-06-25,195.74000549316406,200.8000030517578,192.1300048828125,200.0800018310547,149550000
2026-06-26,192.52999877929688,195.5500030517578,191.22000122070312,193.1199951171875,179304100
2026-06-29,194.97000122070312,196.17999267578125,189.8000030517578,193.85000610351562,148835700
2026-06-30,200.08999633789062,200.6300048828125,195.11000061035156,197.24000549316406,166476700
2026-07-01,197.5800018310547,199.85000610351562,193.4499969482422,196.1999969482422,146147600
2026-07-02,194.8300018310547,200.05999755859375,192.35000610351562,197.13999938964844,142068700
2026-07-06,195.5500030517578,197.5500030517578,193.99000549316406,194.4199981689453,108999000
2026-07-07,196.92999267578125,198.41000366210938,191.13999938964844,192.3699951171875,124154600
2026-07-08,204.1199951171875,205.14999389648438,195.10499572753906,195.1300048828125,145806099
